company_name,filing_time,new_product,product_description,stock_name
Apple Inc.,2025-02-25T16:47:19-05:00,, Filed: 2025-02-25 AccNo: 0001140361-25-005876 Size: 291 KBItem 5.07: Submission of Matters to a Vote of Security Holders,AAPL
Apple Inc.,2025-01-30T16:30:23-05:00,, Filed: 2025-01-30 AccNo: 0000320193-25-000007 Size: 407 KBItem 2.02: Results of Operations and Financial ConditionItem 9.01: Financial Statements and Exhibits,AAPL
Apple Inc.,2025-01-03T16:30:56-05:00,, Filed: 2025-01-03 AccNo: 0001140361-25-000228 Size: 263 KBItem 5.02: Departure of Directors or Certain Officers; Election of Directors; Appointment of Certain Officers: Compensato,AAPL
Apple Inc.,2024-10-31T16:30:25-04:00,, Filed: 2024-10-31 AccNo: 0000320193-24-000120 Size: 469 KBItem 2.02: Results of Operations and Financial ConditionItem 9.01: Financial Statements and Exhibits,AAPL
Apple Inc.,2024-09-10T09:06:34-04:00,, Filed: 2024-09-10 AccNo: 0001140361-24-040659 Size: 1 MBItem 7.01: Regulation FD Disclosure,AAPL
Apple Inc.,2024-08-26T17:20:33-04:00,, Filed: 2024-08-26 AccNo: 0001140361-24-038601 Size: 1 MBItem 5.02: Departure of Directors or Certain Officers; Election of Directors; Appointment of Certain Officers: Compensatory,AAPL
Apple Inc.,2024-08-23T16:30:44-04:00,, Filed: 2024-08-23 AccNo: 0001140361-24-038403 Size: 1 MBItem 5.03: Amendments to Articles of Incorporation or Bylaws; Change in Fiscal YearItem 9.01: Financial Statements and Exhi,AAPL
Apple Inc.,2024-08-01T16:30:26-04:00,, Filed: 2024-08-01 AccNo: 0000320193-24-000080 Size: 437 KBItem 2.02: Results of Operations and Financial ConditionItem 9.01: Financial Statements and Exhibits,AAPL
Apple Inc.,2024-05-03T16:35:42-04:00,, Filed: 2024-05-03 AccNo: 0001140361-24-024352 Size: 1 MBItem 7.01: Regulation FD DisclosureItem 9.01: Financial Statements and Exhibits,AAPL
Apple Inc.,2024-05-02T16:30:34-04:00,, Filed: 2024-05-02 AccNo: 0000320193-24-000067 Size: 436 KBItem 2.02: Results of Operations and Financial ConditionItem 9.01: Financial Statements and Exhibits,AAPL
Apple Inc.,2024-02-28T17:09:05-05:00,, Filed: 2024-02-28 AccNo: 0001140361-24-010155 Size: 859 KBItem 5.07: Submission of Matters to a Vote of Security Holders,AAPL
Apple Inc.,2024-02-01T16:30:30-05:00,, Filed: 2024-02-01 AccNo: 0000320193-24-000005 Size: 412 KBItem 2.02: Results of Operations and Financial ConditionItem 9.01: Financial Statements and Exhibits,AAPL
Apple Inc.,2023-11-02T16:30:32-04:00,, Filed: 2023-11-02 AccNo: 0000320193-23-000104 Size: 450 KBItem 2.02: Results of Operations and Financial ConditionItem 9.01: Financial Statements and Exhibits,AAPL
Apple Inc.,2023-08-03T16:30:21-04:00,, Filed: 2023-08-03 AccNo: 0000320193-23-000075 Size: 452 KBItem 2.02: Results of Operations and Financial ConditionItem 9.01: Financial Statements and Exhibits,AAPL
Apple Inc.,2023-05-10T16:31:27-04:00,, Filed: 2023-05-10 AccNo: 0001140361-23-023909 Size: 932 KBItem 8.01: Other EventsItem 9.01: Financial Statements and Exhibits,AAPL
Apple Inc.,2023-05-04T16:30:43-04:00,, Filed: 2023-05-04 AccNo: 0000320193-23-000063 Size: 493 KBItem 2.02: Results of Operations and Financial ConditionItem 9.01: Financial Statements and Exhibits,AAPL
Apple Inc.,2023-03-10T16:30:52-05:00,, Filed: 2023-03-10 AccNo: 0001140361-23-011192 Size: 312 KBItem 5.07: Submission of Matters to a Vote of Security Holders,AAPL
Apple Inc.,2023-02-02T16:30:33-05:00,, Filed: 2023-02-02 AccNo: 0000320193-23-000005 Size: 464 KBItem 2.02: Results of Operations and Financial ConditionItem 9.01: Financial Statements and Exhibits,AAPL
Apple Inc.,2022-11-07T06:27:07-05:00,, Filed: 2022-11-07 AccNo: 0001193125-22-278435 Size: 299 KBItem 7.01: Regulation FD DisclosureItem 9.01: Financial Statements and Exhibits,AAPL
Apple Inc.,2022-10-27T16:30:22-04:00,, Filed: 2022-10-27 AccNo: 0000320193-22-000107 Size: 506 KBItem 2.02: Results of Operations and Financial ConditionItem 9.01: Financial Statements and Exhibits,AAPL
Apple Inc.,2022-08-19T16:31:06-04:00,, Filed: 2022-08-19 AccNo: 0001193125-22-225365 Size: 600 KBItem 5.02: Departure of Directors or Certain Officers; Election of Directors; Appointment of Certain Officers: Compensato,AAPL
Apple Inc.,2022-08-08T16:32:16-04:00,KBItem, Filed: 2022-08-08 AccNo: 0001193125-22-214914 Size: 729 KBItem 8.01: Other EventsItem 9.01: Financial Statements and Exhibits,AAPL
Apple Inc.,2022-07-28T16:31:44-04:00,, Filed: 2022-07-28 AccNo: 0000320193-22-000069 Size: 506 KBItem 2.02: Results of Operations and Financial ConditionItem 9.01: Financial Statements and Exhibits,AAPL
Apple Inc.,2022-04-28T16:32:12-04:00,, Filed: 2022-04-28 AccNo: 0000320193-22-000058 Size: 512 KBItem 2.02: Results of Operations and Financial ConditionItem 9.01: Financial Statements and Exhibits,AAPL
Apple Inc.,2022-03-04T16:35:09-05:00,, Filed: 2022-03-04 AccNo: 0001193125-22-066169 Size: 583 KBItem 5.02: Departure of Directors or Certain Officers; Election of Directors; Appointment of Certain Officers: Compensato,AAPL
Apple Inc.,2022-01-27T16:30:36-05:00,, Filed: 2022-01-27 AccNo: 0000320193-22-000006 Size: 482 KBItem 2.02: Results of Operations and Financial ConditionItem 9.01: Financial Statements and Exhibits,AAPL
Apple Inc.,2021-11-12T16:31:14-05:00,, Filed: 2021-11-12 AccNo: 0001193125-21-328151 Size: 492 KBItem 5.02: Departure of Directors or Certain Officers; Election of Directors; Appointment of Certain Officers: Compensato,AAPL
Apple Inc.,2021-10-28T16:30:23-04:00,, Filed: 2021-10-28 AccNo: 0000320193-21-000104 Size: 513 KBItem 2.02: Results of Operations and Financial ConditionItem 9.01: Financial Statements and Exhibits,AAPL
Apple Inc.,2021-08-05T16:31:44-04:00,, Filed: 2021-08-05 AccNo: 0001193125-21-237787 Size: 740 KBItem 8.01: Other EventsItem 9.01: Financial Statements and Exhibits,AAPL
Apple Inc.,2021-07-27T16:35:44-04:00,, Filed: 2021-07-27 AccNo: 0000320193-21-000063 Size: 513 KBItem 2.02: Results of Operations and Financial ConditionItem 9.01: Financial Statements and Exhibits,AAPL
Apple Inc.,2021-04-28T16:30:33-04:00,, Filed: 2021-04-28 AccNo: 0000320193-21-000055 Size: 517 KBItem 2.02: Results of Operations and Financial ConditionItem 9.01: Financial Statements and Exhibits,AAPL
Apple Inc.,2021-02-24T16:31:21-05:00,, Filed: 2021-02-24 AccNo: 0001193125-21-054710 Size: 314 KBItem 5.07: Submission of Matters to a Vote of Security Holders,AAPL
Apple Inc.,2021-02-08T16:31:03-05:00,, Filed: 2021-02-08 AccNo: 0001193125-21-032394 Size: 875 KBItem 8.01: Other EventsItem 9.01: Financial Statements and Exhibits,AAPL
Apple Inc.,2021-01-27T16:30:35-05:00,, Filed: 2021-01-27 AccNo: 0000320193-21-000009 Size: 486 KBItem 2.02: Results of Operations and Financial ConditionItem 9.01: Financial Statements and Exhibits,AAPL
Apple Inc.,2021-01-05T16:32:16-05:00,, Filed: 2021-01-05 AccNo: 0001193125-21-001982 Size: 290 KBItem 5.02: Departure of Directors or Certain Officers; Election of Directors; Appointment of Certain Officers: Compensato,AAPL
Apple Inc.,2020-10-29T16:30:32-04:00,, Filed: 2020-10-29 AccNo: 0000320193-20-000094 Size: 516 KBItem 2.02: Results of Operations and Financial ConditionItem 9.01: Financial Statements and Exhibits,AAPL
Apple Inc.,2020-08-20T16:30:57-04:00,KBItem, Filed: 2020-08-20 AccNo: 0001193125-20-225672 Size: 776 KBItem 8.01: Other EventsItem 9.01: Financial Statements and Exhibits,AAPL
Apple Inc.,2020-08-07T17:20:23-04:00,, Filed: 2020-08-07 AccNo: 0001193125-20-213158 Size: 303 KBItem 5.03: Amendments to Articles of Incorporation or Bylaws; Change in Fiscal YearItem 9.01: Financial Statements and Ex,AAPL
Apple Inc.,2020-07-30T18:55:04-04:00,, Filed: 2020-07-30 AccNo: 0000320193-20-000060 Size: 628 KBItem 2.02: Results of Operations and Financial ConditionItem 9.01: Financial Statements and Exhibits,AAPL
Apple Inc.,2020-05-11T16:31:15-04:00,, Filed: 2020-05-11 AccNo: 0001193125-20-139112 Size: 771 KBItem 8.01: Other EventsItem 9.01: Financial Statements and Exhibits,AAPL
Apple Inc.,2020-04-30T16:30:41-04:00,, Filed: 2020-04-30 AccNo: 0000320193-20-000050 Size: 593 KBItem 2.02: Results of Operations and Financial ConditionItem 9.01: Financial Statements and Exhibits,AAPL
Apple Inc.,2020-02-27T06:14:21-05:00,, Filed: 2020-02-27 AccNo: 0001193125-20-050884 Size: 329 KBItem 5.07: Submission of Matters to a Vote of Security Holders,AAPL
Apple Inc.,2020-02-18T06:24:57-05:00,, Filed: 2020-02-18 AccNo: 0001193125-20-039203 Size: 310 KBItem 7.01: Regulation FD DisclosureItem 9.01: Financial Statements and Exhibits,AAPL
Apple Inc.,2020-01-28T16:30:40-05:00,, Filed: 2020-01-28 AccNo: 0000320193-20-000008 Size: 531 KBItem 2.02: Results of Operations and Financial ConditionItem 9.01: Financial Statements and Exhibits,AAPL
Apple Inc.,2019-11-15T06:02:24-05:00,KBItem, Filed: 2019-11-15 AccNo: 0001193125-19-292676 Size: 645 KBItem 8.01: Other EventsItem 9.01: Financial Statements and Exhibits,AAPL
Apple Inc.,2019-10-30T16:30:40-04:00,, Filed: 2019-10-30 AccNo: 0000320193-19-000117 Size: 576 KBItem 2.02: Results of Operations and Financial ConditionItem 9.01: Financial Statements and Exhibits,AAPL
Apple Inc.,2019-09-13T17:15:36-04:00,, Filed: 2019-09-13 AccNo: 0000320193-19-000093 Size: 295 KBItem 5.02: Departure of Directors or Certain Officers; Election of Directors; Appointment of Certain Officers: Compensato,AAPL
Apple Inc.,2019-09-11T16:21:21-04:00,, Filed: 2019-09-11 AccNo: 0001193125-19-242975 Size: 777 KBItem 8.01: Other EventsItem 9.01: Financial Statements and Exhibits,AAPL
Apple Inc.,2019-07-30T16:30:36-04:00,, Filed: 2019-07-30 AccNo: 0000320193-19-000073 Size: 303 KBItem 2.02: Results of Operations and Financial ConditionItem 9.01: Financial Statements and Exhibits,AAPL
Apple Inc.,2019-04-30T16:30:16-04:00,, Filed: 2019-04-30 AccNo: 0000320193-19-000063 Size: 289 KBItem 2.02: Results of Operations and Financial ConditionItem 9.01: Financial Statements and Exhibits,AAPL
Apple Inc.,2019-03-04T16:32:18-05:00,, Filed: 2019-03-04 AccNo: 0000320193-19-000032 Size: 66 KBItem 5.07: Submission of Matters to a Vote of Security Holders,AAPL
Apple Inc.,2019-02-06T08:00:34-05:00,, Filed: 2019-02-06 AccNo: 0000320193-19-000026 Size: 29 KBItem 5.02: Departure of Directors or Certain Officers; Election of Directors; Appointment of Certain Officers: Compensator,AAPL
Apple Inc.,2019-01-29T16:30:18-05:00,, Filed: 2019-01-29 AccNo: 0000320193-19-000007 Size: 228 KBItem 2.02: Results of Operations and Financial ConditionItem 9.01: Financial Statements and Exhibits,AAPL
Apple Inc.,2019-01-02T16:30:03-05:00,, Filed: 2019-01-02 AccNo: 0000320193-19-000002 Size: 66 KBItem 2.02: Results of Operations and Financial ConditionItem 9.01: Financial Statements and Exhibits,AAPL
Apple Inc.,2018-11-01T16:30:21-04:00,, Filed: 2018-11-01 AccNo: 0000320193-18-000142 Size: 406 KBItem 2.02: Results of Operations and Financial ConditionItem 9.01: Financial Statements and Exhibits,AAPL
Apple Inc.,2018-07-31T16:30:20-04:00,, Filed: 2018-07-31 AccNo: 0000320193-18-000098 Size: 401 KBItem 2.02: Results of Operations and Financial ConditionItem 9.01: Financial Statements and Exhibits,AAPL
Apple Inc.,2018-05-07T21:31:32-04:00,, Filed: 2018-05-08 AccNo: 0001193125-18-154948 Size: 15 KBItem 8.01: Other Events,AAPL
Apple Inc.,2018-05-07T16:30:56-04:00,KBItem, Filed: 2018-05-07 AccNo: 0001193125-18-154515 Size: 113 KBItem 8.01: Other EventsItem 9.01: Financial Statements and Exhibits,AAPL
Apple Inc.,2018-05-01T16:30:17-04:00,, Filed: 2018-05-01 AccNo: 0000320193-18-000067 Size: 401 KBItem 2.02: Results of Operations and Financial ConditionItem 9.01: Financial Statements and Exhibits,AAPL
Apple Inc.,2018-02-14T16:54:21-05:00,, Filed: 2018-02-14 AccNo: 0001193125-18-045761 Size: 115 KBItem 5.07: Submission of Matters to a Vote of Security HoldersItem 9.01: Financial Statements and Exhibits,AAPL
Apple Inc.,2018-02-01T16:30:17-05:00,, Filed: 2018-02-01 AccNo: 0000320193-18-000005 Size: 363 KBItem 2.02: Results of Operations and Financial ConditionItem 9.01: Financial Statements and Exhibits,AAPL
Apple Inc.,2017-11-13T16:44:57-05:00,KBItem, Filed: 2017-11-13 AccNo: 0001193125-17-341015 Size: 521 KBItem 8.01: Other EventsItem 9.01: Financial Statements and Exhibits,AAPL
Apple Inc.,2017-11-02T16:30:16-04:00,, Filed: 2017-11-02 AccNo: 0000320193-17-000067 Size: 408 KBItem 2.02: Results of Operations and Financial ConditionItem 9.01: Financial Statements and Exhibits,AAPL
Apple Inc.,2017-10-12T16:31:33-04:00,, Filed: 2017-10-12 AccNo: 0001193125-17-308859 Size: 15 KBItem 5.02: Departure of Directors or Certain Officers; Election of Directors; Appointment of Certain Officers: Compensator,AAPL
Apple Inc.,2017-09-12T16:45:59-04:00,KBItem, Filed: 2017-09-12 AccNo: 0001193125-17-282809 Size: 394 KBItem 8.01: Other EventsItem 9.01: Financial Statements and Exhibits,AAPL
Apple Inc.,2017-08-18T16:30:58-04:00,, Filed: 2017-08-18 AccNo: 0001193125-17-262261 Size: 317 KBItem 8.01: Other EventsItem 9.01: Financial Statements and Exhibits,AAPL
Apple Inc.,2017-08-01T16:30:15-04:00,, Filed: 2017-08-01 AccNo: 0000320193-17-000006 Size: 406 KBItem 2.02: Results of Operations and Financial ConditionItem 9.01: Financial Statements and Exhibits,AAPL
Apple Inc.,2017-06-20T16:36:33-04:00,, Filed: 2017-06-20 AccNo: 0001193125-17-208226 Size: 217 KBItem 8.01: Other EventsItem 9.01: Financial Statements and Exhibits,AAPL
Apple Inc.,2017-05-24T17:19:03-04:00,KBItem, Filed: 2017-05-24 AccNo: 0001193125-17-181867 Size: 309 KBItem 8.01: Other EventsItem 9.01: Financial Statements and Exhibits,AAPL
Apple Inc.,2017-05-11T16:56:33-04:00,, Filed: 2017-05-11 AccNo: 0001193125-17-167400 Size: 514 KBItem 8.01: Other EventsItem 9.01: Financial Statements and Exhibits,AAPL
Apple Inc.,2017-05-02T16:31:37-04:00,, Filed: 2017-05-02 AccNo: 0001628280-17-004663 Size: 430 KBItem 2.02: Results of Operations and Financial ConditionItem 9.01: Financial Statements and Exhibits,AAPL
Apple Inc.,2017-03-03T16:36:03-05:00,KBItem, Filed: 2017-03-03 AccNo: 0001193125-17-069853 Size: 234 KBItem 8.01: Other EventsItem 9.01: Financial Statements and Exhibits,AAPL
Apple Inc.,2017-03-01T09:00:56-05:00,, Filed: 2017-03-01 AccNo: 0001193125-17-064019 Size: 49 KBItem 5.07: Submission of Matters to a Vote of Security Holders,AAPL
Apple Inc.,2017-02-09T17:02:03-05:00,KBItem, Filed: 2017-02-09 AccNo: 0001193125-17-036283 Size: 675 KBItem 8.01: Other EventsItem 9.01: Financial Statements and Exhibits,AAPL
Apple Inc.,2017-01-31T16:31:02-05:00,, Filed: 2017-01-31 AccNo: 0001628280-17-000663 Size: 390 KBItem 2.02: Results of Operations and Financial ConditionItem 9.01: Financial Statements and Exhibits,AAPL
Apple Inc.,2016-12-15T16:54:42-05:00,, Filed: 2016-12-15 AccNo: 0001628280-16-022047 Size: 248 KBItem 5.03: Amendments to Articles of Incorporation or Bylaws; Change in Fiscal YearItem 9.01: Financial Statements and Ex,AAPL
Apple Inc.,2016-10-25T16:32:39-04:00,, Filed: 2016-10-25 AccNo: 0001628280-16-020258 Size: 430 KBItem 2.02: Results of Operations and Financial ConditionItem 9.01: Financial Statements and Exhibits,AAPL
Apple Inc.,2016-08-04T17:26:33-04:00,KBItem, Filed: 2016-08-04 AccNo: 0001193125-16-672044 Size: 447 KBItem 8.01: Other EventsItem 9.01: Financial Statements and Exhibits,AAPL
Apple Inc.,2016-07-26T16:30:55-04:00,, Filed: 2016-07-26 AccNo: 0001628280-16-017762 Size: 424 KBItem 2.02: Results of Operations and Financial ConditionItem 9.01: Financial Statements and Exhibits,AAPL
Apple Inc.,2016-06-22T16:31:03-04:00,, Filed: 2016-06-22 AccNo: 0001193125-16-628957 Size: 242 KBItem 8.01: Other EventsItem 9.01: Financial Statements and Exhibits,AAPL
Apple Inc.,2016-04-26T16:31:09-04:00,, Filed: 2016-04-26 AccNo: 0001193125-16-556520 Size: 162 KBItem 2.02: Results of Operations and Financial ConditionItem 9.01: Financial Statements and Exhibits,AAPL
Apple Inc.,2016-03-24T16:13:11-04:00,KBItem, Filed: 2016-03-24 AccNo: 0001193125-16-516891 Size: 324 KBItem 8.01: Other EventsItem 9.01: Financial Statements and Exhibits,AAPL
Apple Inc.,2016-03-01T16:32:05-05:00,, Filed: 2016-03-01 AccNo: 0001193125-16-488223 Size: 156 KBItem 5.02: Departure of Directors or Certain Officers; Election of Directors; Appointment of Certain Officers: Compensato,AAPL
Apple Inc.,2016-02-23T16:13:37-05:00,KBItem, Filed: 2016-02-23 AccNo: 0001193125-16-473562 Size: 618 KBItem 8.01: Other EventsItem 9.01: Financial Statements and Exhibits,AAPL
Apple Inc.,2016-01-26T16:31:06-05:00,, Filed: 2016-01-26 AccNo: 0001193125-16-438421 Size: 693 KBItem 2.02: Results of Operations and Financial ConditionItem 9.01: Financial Statements and Exhibits,AAPL
Apple Inc.,2015-12-22T16:33:05-05:00,, Filed: 2015-12-22 AccNo: 0001193125-15-410853 Size: 193 KBItem 5.03: Amendments to Articles of Incorporation or Bylaws; Change in Fiscal YearItem 9.01: Financial Statements and Ex,AAPL
Apple Inc.,2015-12-17T16:30:59-05:00,, Filed: 2015-12-17 AccNo: 0001193125-15-406279 Size: 14 KBItem 5.02: Departure of Directors or Certain Officers; Election of Directors; Appointment of Certain Officers: Compensator,AAPL
Apple Inc.,2015-10-27T16:30:36-04:00,, Filed: 2015-10-27 AccNo: 0001193125-15-354756 Size: 153 KBItem 2.02: Results of Operations and Financial ConditionItem 9.01: Financial Statements and Exhibits,AAPL
Apple Inc.,2015-10-02T16:30:10-04:00,, Filed: 2015-10-02 AccNo: 0001193125-15-336615 Size: 15 KBItem 5.02: Departure of Directors or Certain Officers; Election of Directors; Appointment of Certain Officers: Compensator,AAPL
Apple Inc.,2015-09-17T16:31:39-04:00,KBItem, Filed: 2015-09-17 AccNo: 0001193125-15-322466 Size: 284 KBItem 8.01: Other EventsItem 9.01: Financial Statements and Exhibits,AAPL
Apple Inc.,2015-07-31T16:35:41-04:00,, Filed: 2015-07-31 AccNo: 0001193125-15-273023 Size: 295 KBItem 8.01: Other EventsItem 9.01: Financial Statements and Exhibits,AAPL
Apple Inc.,2015-07-21T16:30:58-04:00,, Filed: 2015-07-21 AccNo: 0001193125-15-258464 Size: 149 KBItem 2.02: Results of Operations and Financial ConditionItem 9.01: Financial Statements and Exhibits,AAPL
Apple Inc.,2015-06-10T16:05:10-04:00,, Filed: 2015-06-10 AccNo: 0001193125-15-219298 Size: 193 KBItem 8.01: Other EventsItem 9.01: Financial Statements and Exhibits,AAPL
Apple Inc.,2015-05-13T17:07:42-04:00,KBItem, Filed: 2015-05-13 AccNo: 0001193125-15-186064 Size: 478 KBItem 8.01: Other EventsItem 9.01: Financial Statements and Exhibits,AAPL
Apple Inc.,2015-04-27T16:33:36-04:00,, Filed: 2015-04-27 AccNo: 0001193125-15-149607 Size: 27 KBItem 7.01: Regulation FD DisclosureItem 9.01: Financial Statements and Exhibits,AAPL
Apple Inc.,2015-04-27T16:30:42-04:00,, Filed: 2015-04-27 AccNo: 0001193125-15-149590 Size: 151 KBItem 2.02: Results of Operations and Financial ConditionItem 9.01: Financial Statements and Exhibits,AAPL
Apple Inc.,2015-03-13T06:00:34-04:00,, Filed: 2015-03-13 AccNo: 0001104659-15-019336 Size: 207 KBItem 5.07: Submission of Matters to a Vote of Security HoldersItem 9.01: Financial Statements and Exhibits,AAPL
Apple Inc.,2015-02-09T16:53:06-05:00,KBItem, Filed: 2015-02-09 AccNo: 0001193125-15-039270 Size: 394 KBItem 8.01: Other EventsItem 9.01: Financial Statements and Exhibits,AAPL
Apple Inc.,2015-01-28T16:48:46-05:00,, Filed: 2015-01-28 AccNo: 0001193125-15-023732 Size: 11 MBItem 8.01: Other EventsItem 9.01: Financial Statements and Exhibits,AAPL
Apple Inc.,2015-01-27T16:31:00-05:00,, Filed: 2015-01-27 AccNo: 0001193125-15-021857 Size: 143 KBItem 2.02: Results of Operations and Financial ConditionItem 9.01: Financial Statements and Exhibits,AAPL
NVIDIA CORP,2025-03-07T17:09:13-05:00,, Filed: 2025-03-07 AccNo: 0001045810-25-000039 Size: 177 KBItem 5.02: Departure of Directors or Certain Officers; Election of Directors; Appointment of Certain Officers: Compensato,NVDA
NVIDIA CORP,2025-02-26T16:21:32-05:00,, Filed: 2025-02-26 AccNo: 0001045810-25-000021 Size: 820 KBItem 2.02: Results of Operations and Financial ConditionItem 9.01: Financial Statements and Exhibits,NVDA
NVIDIA CORP,2025-01-17T16:59:50-05:00,KBItem, Filed: 2025-01-17 AccNo: 0001045810-25-000007 Size: 151 KBItem 8.01: Other Events,NVDA
NVIDIA CORP,2024-11-20T16:21:20-05:00,, Filed: 2024-11-20 AccNo: 0001045810-24-000315 Size: 772 KBItem 2.02: Results of Operations and Financial ConditionItem 9.01: Financial Statements and Exhibits,NVDA
NVIDIA CORP,2024-11-07T16:35:26-05:00,, Filed: 2024-11-07 AccNo: 0001045810-24-000300 Size: 144 KBItem 5.02: Departure of Directors or Certain Officers; Election of Directors; Appointment of Certain Officers: Compensato,NVDA
NVIDIA CORP,2024-08-28T16:21:16-04:00,, Filed: 2024-08-28 AccNo: 0001045810-24-000262 Size: 780 KBItem 2.02: Results of Operations and Financial ConditionItem 9.01: Financial Statements and Exhibits,NVDA
NVIDIA CORP,2024-07-02T16:47:41-04:00,, Filed: 2024-07-02 AccNo: 0001045810-24-000206 Size: 189 KBItem 5.07: Submission of Matters to a Vote of Security Holders,NVDA
NVIDIA CORP,2024-06-07T16:19:34-04:00,, Filed: 2024-06-07 AccNo: 0001045810-24-000144 Size: 166 KBItem 5.03: Amendments to Articles of Incorporation or Bylaws; Change in Fiscal Year,NVDA
NVIDIA CORP,2024-05-22T16:21:29-04:00,, Filed: 2024-05-22 AccNo: 0001045810-24-000113 Size: 664 KBItem 2.02: Results of Operations and Financial ConditionItem 8.01: Other EventsItem 9.01: Financial Statements and Exhibi,NVDA
NVIDIA CORP,2024-03-14T16:30:50-04:00,, Filed: 2024-03-14 AccNo: 0001045810-24-000069 Size: 464 KBItem 5.02: Departure of Directors or Certain Officers; Election of Directors; Appointment of Certain Officers: Compensato,NVDA
NVIDIA CORP,2024-02-21T16:22:09-05:00,, Filed: 2024-02-21 AccNo: 0001045810-24-000028 Size: 803 KBItem 2.02: Results of Operations and Financial ConditionItem 9.01: Financial Statements and Exhibits,NVDA
NVIDIA CORP,2023-11-21T16:22:00-05:00,, Filed: 2023-11-21 AccNo: 0001045810-23-000225 Size: 777 KBItem 2.02: Results of Operations and Financial ConditionItem 9.01: Financial Statements and Exhibits,NVDA
NVIDIA CORP,2023-10-24T09:00:18-04:00,KBItem, Filed: 2023-10-24 AccNo: 0001045810-23-000221 Size: 148 KBItem 8.01: Other Events,NVDA
NVIDIA CORP,2023-10-17T17:27:14-04:00,KBItem, Filed: 2023-10-17 AccNo: 0001045810-23-000217 Size: 151 KBItem 8.01: Other Events,NVDA
NVIDIA CORP,2023-08-23T16:21:42-04:00,, Filed: 2023-08-23 AccNo: 0001045810-23-000171 Size: 795 KBItem 2.02: Results of Operations and Financial ConditionItem 9.01: Financial Statements and Exhibits,NVDA
NVIDIA CORP,2023-07-24T16:35:01-04:00,, Filed: 2023-07-24 AccNo: 0001045810-23-000164 Size: 148 KBItem 5.02: Departure of Directors or Certain Officers; Election of Directors; Appointment of Certain Officers: Compensato,NVDA
NVIDIA CORP,2023-06-27T17:11:03-04:00,, Filed: 2023-06-27 AccNo: 0001045810-23-000146 Size: 197 KBItem 5.07: Submission of Matters to a Vote of Security Holders,NVDA
NVIDIA CORP,2023-05-24T16:22:18-04:00,, Filed: 2023-05-24 AccNo: 0001045810-23-000087 Size: 779 KBItem 2.02: Results of Operations and Financial ConditionItem 9.01: Financial Statements and Exhibits,NVDA
NVIDIA CORP,2023-03-08T16:12:15-05:00,, Filed: 2023-03-08 AccNo: 0001045810-23-000039 Size: 505 KBItem 5.02: Departure of Directors or Certain Officers; Election of Directors; Appointment of Certain Officers: Compensato,NVDA
NVIDIA CORP,2023-02-22T16:52:26-05:00,, Filed: 2023-02-22 AccNo: 0001045810-23-000014 Size: 1 MBItem 2.02: Results of Operations and Financial ConditionItem 9.01: Financial Statements and Exhibits,NVDA
NVIDIA CORP,2022-11-16T16:21:18-05:00,, Filed: 2022-11-16 AccNo: 0001045810-22-000163 Size: 941 KBItem 2.02: Results of Operations and Financial ConditionItem 9.01: Financial Statements and Exhibits,NVDA
NVIDIA CORP,2022-09-01T07:05:16-04:00,KBItem, Filed: 2022-09-01 AccNo: 0001045810-22-000151 Size: 166 KBItem 8.01: Other Events,NVDA
NVIDIA CORP,2022-08-31T17:00:22-04:00,KBItem, Filed: 2022-08-31 AccNo: 0001045810-22-000146 Size: 171 KBItem 8.01: Other Events,NVDA
NVIDIA CORP,2022-08-24T16:24:34-04:00,, Filed: 2022-08-24 AccNo: 0001045810-22-000136 Size: 933 KBItem 2.02: Results of Operations and Financial ConditionItem 9.01: Financial Statements and Exhibits,NVDA
NVIDIA CORP,2022-08-08T09:16:50-04:00,, Filed: 2022-08-08 AccNo: 0001045810-22-000133 Size: 228 KBItem 2.02: Results of Operations and Financial ConditionItem 9.01: Financial Statements and Exhibits,NVDA
NVIDIA CORP,2022-06-06T17:29:41-04:00,, Filed: 2022-06-06 AccNo: 0001045810-22-000088 Size: 529 KBItem 5.02: Departure of Directors or Certain Officers; Election of Directors; Appointment of Certain Officers: Compensato,NVDA
NVIDIA CORP,2022-05-25T16:22:25-04:00,, Filed: 2022-05-25 AccNo: 0001045810-22-000073 Size: 810 KBItem 2.02: Results of Operations and Financial ConditionItem 9.01: Financial Statements and Exhibits,NVDA
NVIDIA CORP,2022-03-09T16:17:13-05:00,, Filed: 2022-03-09 AccNo: 0001045810-22-000023 Size: 521 KBItem 5.02: Departure of Directors or Certain Officers; Election of Directors; Appointment of Certain Officers: Compensato,NVDA
NVIDIA CORP,2022-02-16T16:21:16-05:00,, Filed: 2022-02-16 AccNo: 0001045810-22-000008 Size: 1 MBItem 2.02: Results of Operations and Financial ConditionItem 9.01: Financial Statements and Exhibits,NVDA
NVIDIA CORP,2022-02-08T08:09:34-05:00,, Filed: 2022-02-08 AccNo: 0001045810-22-000005 Size: 168 KBItem 1.02: Termination of a Material Definitive Agreement,NVDA
NVIDIA CORP,2021-11-17T16:20:59-05:00,, Filed: 2021-11-17 AccNo: 0001045810-21-000160 Size: 903 KBItem 2.02: Results of Operations and Financial ConditionItem 9.01: Financial Statements and Exhibits,NVDA
NVIDIA CORP,2021-08-18T16:21:07-04:00,, Filed: 2021-08-18 AccNo: 0001045810-21-000128 Size: 897 KBItem 2.02: Results of Operations and Financial ConditionItem 9.01: Financial Statements and Exhibits,NVDA
NVIDIA CORP,2021-06-28T17:25:47-04:00,, Filed: 2021-06-28 AccNo: 0001045810-21-000117 Size: 168 KBItem 7.01: Regulation FD DisclosureItem 8.01: Other Events,NVDA
NVIDIA CORP,2021-06-16T16:27:01-04:00,, Filed: 2021-06-16 AccNo: 0001193125-21-192149 Size: 931 KBItem 1.01: Entry into a Material Definitive AgreementItem 2.03: Creation of a Direct Financial Obligation or an Obligatio,NVDA
NVIDIA CORP,2021-06-04T18:50:36-04:00,, Filed: 2021-06-07 AccNo: 0001045810-21-000075 Size: 251 KBItem 5.03: Amendments to Articles of Incorporation or Bylaws; Change in Fiscal YearItem 5.07: Submission of Matters to a ,NVDA
NVIDIA CORP,2021-05-26T16:20:35-04:00,, Filed: 2021-05-26 AccNo: 0001045810-21-000063 Size: 772 KBItem 2.02: Results of Operations and Financial ConditionItem 9.01: Financial Statements and Exhibits,NVDA
NVIDIA CORP,2021-05-21T09:02:17-04:00,KBItem, Filed: 2021-05-21 AccNo: 0001045810-21-000056 Size: 187 KBItem 8.01: Other EventsItem 9.01: Financial Statements and Exhibits,NVDA
NVIDIA CORP,2021-04-12T14:08:45-04:00,, Filed: 2021-04-12 AccNo: 0001045810-21-000047 Size: 192 KBItem 7.01: Regulation FD DisclosureItem 9.01: Financial Statements and Exhibits,NVDA
NVIDIA CORP,2021-03-18T19:30:13-04:00,, Filed: 2021-03-19 AccNo: 0001045810-21-000034 Size: 203 KBItem 5.02: Departure of Directors or Certain Officers; Election of Directors; Appointment of Certain Officers: Compensato,NVDA
NVIDIA CORP,2021-02-24T16:22:27-05:00,, Filed: 2021-02-24 AccNo: 0001045810-21-000007 Size: 961 KBItem 2.02: Results of Operations and Financial ConditionItem 9.01: Financial Statements and Exhibits,NVDA
NVIDIA CORP,2020-11-18T16:21:51-05:00,, Filed: 2020-11-18 AccNo: 0001045810-20-000187 Size: 894 KBItem 2.02: Results of Operations and Financial ConditionItem 9.01: Financial Statements and Exhibits,NVDA
NVIDIA CORP,2020-11-09T16:32:03-05:00,, Filed: 2020-11-09 AccNo: 0001045810-20-000181 Size: 172 KBItem 5.02: Departure of Directors or Certain Officers; Election of Directors; Appointment of Certain Officers: Compensato,NVDA
NVIDIA CORP,2020-09-14T06:08:02-04:00,, Filed: 2020-09-14 AccNo: 0001193125-20-244601 Size: 10 MBItem 1.01: Entry into a Material Definitive AgreementItem 7.01: Regulation FD DisclosureItem 9.01: Financial Statements an,NVDA
NVIDIA CORP,2020-08-19T16:21:46-04:00,, Filed: 2020-08-19 AccNo: 0001045810-20-000145 Size: 1 MBItem 2.02: Results of Operations and Financial ConditionItem 9.01: Financial Statements and Exhibits,NVDA
NVIDIA CORP,2020-07-13T16:22:43-04:00,, Filed: 2020-07-13 AccNo: 0001045810-20-000127 Size: 177 KBItem 5.02: Departure of Directors or Certain Officers; Election of Directors; Appointment of Certain Officers: Compensato,NVDA
NVIDIA CORP,2020-06-30T20:18:09-04:00,, Filed: 2020-07-01 AccNo: 0001045810-20-000120 Size: 656 KBItem 2.01: Completion of Acquisition or Disposition of AssetsItem 9.01: Financial Statements and Exhibits,NVDA
NVIDIA CORP,2020-06-15T16:22:15-04:00,, Filed: 2020-06-15 AccNo: 0001045810-20-000103 Size: 620 KBItem 5.02: Departure of Directors or Certain Officers; Election of Directors; Appointment of Certain Officers: Compensato,NVDA
NVIDIA CORP,2020-05-21T16:22:07-04:00,, Filed: 2020-05-21 AccNo: 0001045810-20-000063 Size: 998 KBItem 2.02: Results of Operations and Financial ConditionItem 9.01: Financial Statements and Exhibits,NVDA
NVIDIA CORP,2020-04-27T06:19:11-04:00,, Filed: 2020-04-27 AccNo: 0001045810-20-000052 Size: 189 KBItem 2.01: Completion of Acquisition or Disposition of AssetsItem 9.01: Financial Statements and Exhibits,NVDA
NVIDIA CORP,2020-04-16T18:06:42-04:00,KBItem, Filed: 2020-04-17 AccNo: 0001045810-20-000048 Size: 179 KBItem 8.01: Other Events,NVDA
NVIDIA CORP,2020-03-31T17:15:12-04:00,, Filed: 2020-03-31 AccNo: 0001193125-20-092939 Size: 939 KBItem 1.01: Entry into a Material Definitive AgreementItem 2.03: Creation of a Direct Financial Obligation or an Obligatio,NVDA
NVIDIA CORP,2020-03-10T16:12:46-04:00,, Filed: 2020-03-10 AccNo: 0001045810-20-000033 Size: 217 KBItem 5.02: Departure of Directors or Certain Officers; Election of Directors; Appointment of Certain Officers: Compensato,NVDA
NVIDIA CORP,2020-02-13T16:21:20-05:00,, Filed: 2020-02-13 AccNo: 0001045810-20-000007 Size: 1 MBItem 2.02: Results of Operations and Financial ConditionItem 9.01: Financial Statements and Exhibits,NVDA
NVIDIA CORP,2019-11-14T16:21:53-05:00,, Filed: 2019-11-14 AccNo: 0001045810-19-000168 Size: 1 MBItem 2.02: Results of Operations and Financial ConditionItem 9.01: Financial Statements and Exhibits,NVDA
NVIDIA CORP,2019-08-15T16:27:50-04:00,, Filed: 2019-08-15 AccNo: 0001045810-19-000140 Size: 1 MBItem 2.02: Results of Operations and Financial ConditionItem 9.01: Financial Statements and Exhibits,NVDA
NVIDIA CORP,2019-06-17T16:27:58-04:00,, Filed: 2019-06-17 AccNo: 0001045810-19-000112 Size: 58 KBItem 5.02: Departure of Directors or Certain Officers; Election of Directors; Appointment of Certain Officers: Compensator,NVDA
NVIDIA CORP,2019-05-29T16:21:30-04:00,, Filed: 2019-05-29 AccNo: 0001045810-19-000107 Size: 83 KBItem 5.07: Submission of Matters to a Vote of Security Holders,NVDA
NVIDIA CORP,2019-05-16T16:22:47-04:00,, Filed: 2019-05-16 AccNo: 0001045810-19-000077 Size: 681 KBItem 2.02: Results of Operations and Financial ConditionItem 9.01: Financial Statements and Exhibits,NVDA
NVIDIA CORP,2019-04-01T17:21:14-04:00,, Filed: 2019-04-01 AccNo: 0001045810-19-000060 Size: 26 KBItem 5.02: Departure of Directors or Certain Officers; Election of Directors; Appointment of Certain Officers: Compensator,NVDA
NVIDIA CORP,2019-03-11T17:06:27-04:00,, Filed: 2019-03-11 AccNo: 0001045810-19-000031 Size: 7 MBItem 1.01: Entry into a Material Definitive AgreementItem 8.01: Other EventsItem 9.01: Financial Statements and Exhibits,NVDA
NVIDIA CORP,2019-03-08T20:00:57-05:00,, Filed: 2019-03-11 AccNo: 0001045810-19-000029 Size: 289 KBItem 5.02: Departure of Directors or Certain Officers; Election of Directors; Appointment of Certain Officers: Compensato,NVDA
NVIDIA CORP,2019-02-14T16:23:06-05:00,, Filed: 2019-02-14 AccNo: 0001045810-19-000007 Size: 915 KBItem 2.02: Results of Operations and Financial ConditionItem 9.01: Financial Statements and Exhibits,NVDA
NVIDIA CORP,2019-01-28T09:04:54-05:00,, Filed: 2019-01-28 AccNo: 0001045810-19-000004 Size: 87 KBItem 2.02: Results of Operations and Financial ConditionItem 9.01: Financial Statements and Exhibits,NVDA
NVIDIA CORP,2018-11-15T16:21:48-05:00,, Filed: 2018-11-15 AccNo: 0001045810-18-000148 Size: 879 KBItem 2.02: Results of Operations and Financial ConditionItem 9.01: Financial Statements and Exhibits,NVDA
NVIDIA CORP,2018-08-16T16:20:21-04:00,, Filed: 2018-08-16 AccNo: 0001045810-18-000113 Size: 855 KBItem 2.02: Results of Operations and Financial ConditionItem 9.01: Financial Statements and Exhibits,NVDA
NVIDIA CORP,2018-05-21T16:55:13-04:00,, Filed: 2018-05-21 AccNo: 0001045810-18-000058 Size: 412 KBItem 5.02: Departure of Directors or Certain Officers; Election of Directors; Appointment of Certain Officers: Compensato,NVDA
NVIDIA CORP,2018-05-10T16:25:11-04:00,, Filed: 2018-05-10 AccNo: 0001045810-18-000052 Size: 678 KBItem 2.02: Results of Operations and Financial ConditionItem 9.01: Financial Statements and Exhibits,NVDA
NVIDIA CORP,2018-03-13T17:13:29-04:00,, Filed: 2018-03-13 AccNo: 0001045810-18-000026 Size: 55 KBItem 5.02: Departure of Directors or Certain Officers; Election of Directors; Appointment of Certain Officers: Compensator,NVDA
NVIDIA CORP,2018-02-08T16:23:23-05:00,, Filed: 2018-02-08 AccNo: 0001045810-18-000004 Size: 922 KBItem 2.02: Results of Operations and Financial ConditionItem 9.01: Financial Statements and Exhibits,NVDA
NVIDIA CORP,2017-12-15T16:31:03-05:00,, Filed: 2017-12-15 AccNo: 0001045810-17-000178 Size: 191 KBItem 1.01: Entry into a Material Definitive AgreementItem 2.03: Creation of a Direct Financial Obligation or an Obligatio,NVDA
NVIDIA CORP,2017-11-09T16:23:57-05:00,, Filed: 2017-11-09 AccNo: 0001045810-17-000164 Size: 837 KBItem 1.02: Termination of a Material Definitive AgreementItem 2.02: Results of Operations and Financial ConditionItem 9.0,NVDA
NVIDIA CORP,2017-08-10T16:23:58-04:00,, Filed: 2017-08-10 AccNo: 0001045810-17-000117 Size: 848 KBItem 2.02: Results of Operations and Financial ConditionItem 9.01: Financial Statements and Exhibits,NVDA
NVIDIA CORP,2017-06-02T19:58:06-04:00,, Filed: 2017-06-05 AccNo: 0001045810-17-000103 Size: 105 KBItem 1.01: Entry into a Material Definitive AgreementItem 3.02: Unregistered Sales of Equity SecuritiesItem 9.01: Financi,NVDA
NVIDIA CORP,2017-05-30T16:09:07-04:00,, Filed: 2017-05-30 AccNo: 0001045810-17-000097 Size: 79 KBItem 5.07: Submission of Matters to a Vote of Security Holders,NVDA
NVIDIA CORP,2017-05-09T16:21:40-04:00,, Filed: 2017-05-09 AccNo: 0001045810-17-000068 Size: 679 KBItem 2.02: Results of Operations and Financial ConditionItem 9.01: Financial Statements and Exhibits,NVDA
NVIDIA CORP,2017-03-13T17:12:28-04:00,, Filed: 2017-03-13 AccNo: 0001045810-17-000038 Size: 49 KBItem 5.02: Departure of Directors or Certain Officers; Election of Directors; Appointment of Certain Officers: Compensator,NVDA
NVIDIA CORP,2017-02-09T16:23:02-05:00,, Filed: 2017-02-09 AccNo: 0001045810-17-000016 Size: 937 KBItem 2.02: Results of Operations and Financial ConditionItem 9.01: Financial Statements and Exhibits,NVDA
NVIDIA CORP,2017-02-02T16:11:29-05:00,, Filed: 2017-02-02 AccNo: 0001045810-17-000012 Size: 24 KBItem 1.01: Entry into a Material Definitive Agreement,NVDA
NVIDIA CORP,2017-01-19T16:10:06-05:00,, Filed: 2017-01-19 AccNo: 0001045810-17-000006 Size: 57 KBItem 5.02: Departure of Directors or Certain Officers; Election of Directors; Appointment of Certain Officers: Compensator,NVDA
NVIDIA CORP,2016-12-13T09:14:51-05:00,, Filed: 2016-12-13 AccNo: 0001045810-16-000358 Size: 146 KBItem 1.01: Entry into a Material Definitive AgreementItem 3.02: Unregistered Sales of Equity SecuritiesItem 9.01: Financi,NVDA
NVIDIA CORP,2016-12-01T16:56:39-05:00,, Filed: 2016-12-01 AccNo: 0001045810-16-000356 Size: 262 KBItem 5.03: Amendments to Articles of Incorporation or Bylaws; Change in Fiscal YearItem 9.01: Financial Statements and Ex,NVDA
NVIDIA CORP,2016-11-10T16:21:36-05:00,, Filed: 2016-11-10 AccNo: 0001045810-16-000343 Size: 846 KBItem 2.02: Results of Operations and Financial ConditionItem 9.01: Financial Statements and Exhibits,NVDA
NVIDIA CORP,2016-10-13T16:53:32-04:00,, Filed: 2016-10-13 AccNo: 0001193125-16-737735 Size: 522 KBItem 1.01: Entry into a Material Definitive AgreementItem 2.03: Creation of a Direct Financial Obligation or an Obligatio,NVDA
NVIDIA CORP,2016-09-16T09:36:34-04:00,, Filed: 2016-09-16 AccNo: 0001193125-16-711700 Size: 724 KBItem 1.01: Entry into a Material Definitive AgreementItem 2.03: Creation of a Direct Financial Obligation or an Obligatio,NVDA
NVIDIA CORP,2016-08-11T16:22:20-04:00,, Filed: 2016-08-11 AccNo: 0001045810-16-000292 Size: 843 KBItem 2.02: Results of Operations and Financial ConditionItem 9.01: Financial Statements and Exhibits,NVDA
NVIDIA CORP,2016-06-21T16:29:29-04:00,, Filed: 2016-06-21 AccNo: 0001045810-16-000284 Size: 23 KBItem 5.02: Departure of Directors or Certain Officers; Election of Directors; Appointment of Certain Officers: Compensator,NVDA
NVIDIA CORP,2016-05-23T16:17:20-04:00,, Filed: 2016-05-23 AccNo: 0001045810-16-000268 Size: 427 KBItem 5.02: Departure of Directors or Certain Officers; Election of Directors; Appointment of Certain Officers: Compensato,NVDA
NVIDIA CORP,2016-05-12T16:39:07-04:00,, Filed: 2016-05-12 AccNo: 0001045810-16-000243 Size: 695 KBItem 2.02: Results of Operations and Financial ConditionItem 9.01: Financial Statements and Exhibits,NVDA
NVIDIA CORP,2016-05-02T09:16:49-04:00,KBItem, Filed: 2016-05-02 AccNo: 0001045810-16-000235 Size: 26 KBItem 8.01: Other Events,NVDA
NVIDIA CORP,2016-03-23T08:24:05-04:00,KBItem, Filed: 2016-03-23 AccNo: 0001045810-16-000220 Size: 26 KBItem 8.01: Other Events,NVDA
NVIDIA CORP,2016-03-14T16:58:32-04:00,, Filed: 2016-03-14 AccNo: 0001045810-16-000200 Size: 50 KBItem 5.02: Departure of Directors or Certain Officers; Election of Directors; Appointment of Certain Officers: Compensator,NVDA
NVIDIA CORP,2016-02-17T16:28:19-05:00,, Filed: 2016-02-17 AccNo: 0001045810-16-000189 Size: 884 KBItem 2.02: Results of Operations and Financial ConditionItem 9.01: Financial Statements and Exhibits,NVDA
NVIDIA CORP,2015-11-05T16:25:11-05:00,, Filed: 2015-11-05 AccNo: 0001045810-15-000165 Size: 740 KBItem 2.02: Results of Operations and Financial ConditionItem 9.01: Financial Statements and Exhibits,NVDA
NVIDIA CORP,2015-08-06T16:24:10-04:00,, Filed: 2015-08-06 AccNo: 0001045810-15-000131 Size: 689 KBItem 2.02: Results of Operations and Financial ConditionItem 9.01: Financial Statements and Exhibits,NVDA
NVIDIA CORP,2015-06-23T16:35:08-04:00,, Filed: 2015-06-23 AccNo: 0001045810-15-000124 Size: 27 KBItem 1.01: Entry into a Material Definitive AgreementItem 2.03: Creation of a Direct Financial Obligation or an Obligation,NVDA
NVIDIA CORP,2015-05-26T17:07:58-04:00,, Filed: 2015-05-26 AccNo: 0001045810-15-000117 Size: 74 KBItem 5.07: Submission of Matters to a Vote of Security Holders,NVDA
NVIDIA CORP,2015-05-07T16:29:26-04:00,, Filed: 2015-05-07 AccNo: 0001045810-15-000087 Size: 514 KBItem 2.02: Results of Operations and Financial ConditionItem 9.01: Financial Statements and Exhibits,NVDA
NVIDIA CORP,2015-04-09T19:22:22-04:00,, Filed: 2015-04-10 AccNo: 0001045810-15-000070 Size: 52 KBItem 5.02: Departure of Directors or Certain Officers; Election of Directors; Appointment of Certain Officers: Compensator,NVDA
NVIDIA CORP,2015-03-11T16:29:35-04:00,, Filed: 2015-03-11 AccNo: 0001045810-15-000033 Size: 21 KBItem 5.02: Departure of Directors or Certain Officers; Election of Directors; Appointment of Certain Officers: Compensator,NVDA
NVIDIA CORP,2015-02-11T16:22:40-05:00,, Filed: 2015-02-11 AccNo: 0001045810-15-000013 Size: 682 KBItem 2.02: Results of Operations and Financial ConditionItem 9.01: Financial Statements and Exhibits,NVDA
MICROSOFT CORP,2025-01-29T16:08:56-05:00,, Filed: 2025-01-29 AccNo: 0000950170-25-010484 Size: 1 MBItem 2.02: Results of Operations and Financial ConditionItem 9.01: Financial Statements and Exhibits,MSFT
MICROSOFT CORP,2025-01-22T17:15:39-05:00,, Filed: 2025-01-22 AccNo: 0001193125-25-010492 Size: 183 KBItem 5.02: Departure of Directors or Certain Officers; Election of Directors; Appointment of Certain Officers: Compensato,MSFT
MICROSOFT CORP,2024-12-11T16:01:27-05:00,, Filed: 2024-12-11 AccNo: 0001193125-24-275524 Size: 251 KBItem 5.07: Submission of Matters to a Vote of Security HoldersItem 7.01: Regulation FD Disclosure,MSFT
MICROSOFT CORP,2024-12-03T16:00:37-05:00,, Filed: 2024-12-03 AccNo: 0000950170-24-132722 Size: 30 MBItem 8.01: Other EventsItem 9.01: Financial Statements and Exhibits,MSFT
MICROSOFT CORP,2024-10-30T16:04:07-04:00,, Filed: 2024-10-30 AccNo: 0000950170-24-118955 Size: 687 KBItem 2.02: Results of Operations and Financial ConditionItem 9.01: Financial Statements and Exhibits,MSFT
MICROSOFT CORP,2024-08-21T16:08:55-04:00,, Filed: 2024-08-21 AccNo: 0001193125-24-204403 Size: 2 MBItem 7.01: Regulation FD DisclosureItem 9.01: Financial Statements and Exhibits,MSFT
MICROSOFT CORP,2024-07-30T16:03:22-04:00,, Filed: 2024-07-30 AccNo: 0000950170-24-087835 Size: 930 KBItem 2.02: Results of Operations and Financial ConditionItem 9.01: Financial Statements and Exhibits,MSFT
MICROSOFT CORP,2024-04-25T16:03:19-04:00,, Filed: 2024-04-25 AccNo: 0000950170-24-048268 Size: 836 KBItem 2.02: Results of Operations and Financial ConditionItem 9.01: Financial Statements and Exhibits,MSFT
MICROSOFT CORP,2024-03-08T08:58:04-05:00,, Filed: 2024-03-08 AccNo: 0001193125-24-062997 Size: 208 KBItem 1.05: Material Cybersecurity IncidentsItem 7.01: Regulation FD DisclosureItem 9.01: Financial Statements and Exhibit,MSFT
MICROSOFT CORP,2024-01-30T16:03:17-05:00,, Filed: 2024-01-30 AccNo: 0000950170-24-008809 Size: 884 KBItem 2.02: Results of Operations and Financial ConditionItem 9.01: Financial Statements and Exhibits,MSFT
MICROSOFT CORP,2024-01-19T16:39:35-05:00,, Filed: 2024-01-19 AccNo: 0001193125-24-011295 Size: 196 KBItem 1.05: Material Cybersecurity IncidentsItem 7.01: Regulation FD DisclosureItem 9.01: Financial Statements and Exhibit,MSFT
MICROSOFT CORP,2023-12-08T16:31:05-05:00,, Filed: 2023-12-08 AccNo: 0001193125-23-291720 Size: 269 KBItem 5.07: Submission of Matters to a Vote of Security Holders,MSFT
MICROSOFT CORP,2023-11-06T16:14:08-05:00,, Filed: 2023-11-06 AccNo: 0001193125-23-271376 Size: 3 MBItem 8.01: Other EventsItem 9.01: Financial Statements and Exhibits,MSFT
MICROSOFT CORP,2023-10-30T06:04:32-04:00,KBItem, Filed: 2023-10-30 AccNo: 0001193125-23-265616 Size: 232 KBItem 8.01: Other EventsItem 9.01: Financial Statements and Exhibits,MSFT
MICROSOFT CORP,2023-10-24T16:03:29-04:00,, Filed: 2023-10-24 AccNo: 0000950170-23-054848 Size: 1 MBItem 2.02: Results of Operations and Financial ConditionItem 9.01: Financial Statements and Exhibits,MSFT
MICROSOFT CORP,2023-10-16T17:30:10-04:00,, Filed: 2023-10-16 AccNo: 0001104659-23-109428 Size: 299 KBItem 8.01: Other EventsItem 9.01: Financial Statements and Exhibits,MSFT
MICROSOFT CORP,2023-10-13T08:37:32-04:00,, Filed: 2023-10-13 AccNo: 0001193125-23-255762 Size: 188 KBItem 2.01: Completion of Acquisition or Disposition of Assets,MSFT
MICROSOFT CORP,2023-10-11T16:17:04-04:00,, Filed: 2023-10-11 AccNo: 0001193125-23-254151 Size: 198 KBItem 8.01: Other EventsItem 9.01: Financial Statements and Exhibits,MSFT
MICROSOFT CORP,2023-07-25T16:02:47-04:00,, Filed: 2023-07-25 AccNo: 0000950170-23-034400 Size: 1 MBItem 2.02: Results of Operations and Financial ConditionItem 9.01: Financial Statements and Exhibits,MSFT
MICROSOFT CORP,2023-07-03T16:05:34-04:00,, Filed: 2023-07-03 AccNo: 0001193125-23-181341 Size: 329 KBItem 5.03: Amendments to Articles of Incorporation or Bylaws; Change in Fiscal YearItem 9.01: Financial Statements and Ex,MSFT
MICROSOFT CORP,2023-04-25T16:03:03-04:00,, Filed: 2023-04-25 AccNo: 0001193125-23-115280 Size: 565 KBItem 2.02: Results of Operations and Financial ConditionItem 9.01: Financial Statements and Exhibits,MSFT
MICROSOFT CORP,2023-01-24T16:28:00-05:00,, Filed: 2023-01-24 AccNo: 0001193125-23-014230 Size: 610 KBItem 2.02: Results of Operations and Financial ConditionItem 9.01: Financial Statements and Exhibits,MSFT
MICROSOFT CORP,2023-01-18T09:15:37-05:00,, Filed: 2023-01-18 AccNo: 0001193125-23-009934 Size: 195 KBItem 7.01: Regulation FD DisclosureItem 9.01: Financial Statements and Exhibits,MSFT
MICROSOFT CORP,2022-12-16T09:01:06-05:00,, Filed: 2022-12-16 AccNo: 0001193125-22-306591 Size: 243 KBItem 5.07: Submission of Matters to a Vote of Security Holders,MSFT
MICROSOFT CORP,2022-10-25T16:02:59-04:00,, Filed: 2022-10-25 AccNo: 0001193125-22-268356 Size: 527 KBItem 2.02: Results of Operations and Financial ConditionItem 9.01: Financial Statements and Exhibits,MSFT
MICROSOFT CORP,2022-07-26T16:02:59-04:00,, Filed: 2022-07-26 AccNo: 0001193125-22-202034 Size: 666 KBItem 2.02: Results of Operations and Financial ConditionItem 9.01: Financial Statements and Exhibits,MSFT
MICROSOFT CORP,2022-06-02T09:01:35-04:00,, Filed: 2022-06-02 AccNo: 0001193125-22-165839 Size: 980 KBItem 7.01: Regulation FD DisclosureItem 9.01: Financial Statements and Exhibits,MSFT
MICROSOFT CORP,2022-04-26T16:03:59-04:00,, Filed: 2022-04-26 AccNo: 0001193125-22-120207 Size: 573 KBItem 2.02: Results of Operations and Financial ConditionItem 9.01: Financial Statements and Exhibits,MSFT
MICROSOFT CORP,2022-01-25T16:03:05-05:00,, Filed: 2022-01-25 AccNo: 0001193125-22-017041 Size: 538 KBItem 2.02: Results of Operations and Financial ConditionItem 9.01: Financial Statements and Exhibits,MSFT
MICROSOFT CORP,2022-01-18T08:49:05-05:00,, Filed: 2022-01-18 AccNo: 0001193125-22-010667 Size: 7 MBItem 7.01: Regulation FD DisclosureItem 9.01: Financial Statements and Exhibits,MSFT
MICROSOFT CORP,2021-11-30T16:25:20-05:00,, Filed: 2021-11-30 AccNo: 0001193125-21-343711 Size: 276 KBItem 5.07: Submission of Matters to a Vote of Security Holders,MSFT
MICROSOFT CORP,2021-10-26T16:04:14-04:00,, Filed: 2021-10-26 AccNo: 0001193125-21-307941 Size: 526 KBItem 2.02: Results of Operations and Financial ConditionItem 9.01: Financial Statements and Exhibits,MSFT
MICROSOFT CORP,2021-07-27T16:41:19-04:00,, Filed: 2021-07-27 AccNo: 0001193125-21-225746 Size: 672 KBItem 2.02: Results of Operations and Financial ConditionItem 9.01: Financial Statements and Exhibits,MSFT
MICROSOFT CORP,2021-07-08T16:24:37-04:00,KBItem, Filed: 2021-07-08 AccNo: 0001193125-21-210827 Size: 203 KBItem 8.01: Other EventsItem 9.01: Financial Statements and Exhibits,MSFT
MICROSOFT CORP,2021-06-17T09:01:05-04:00,, Filed: 2021-06-17 AccNo: 0001193125-21-192783 Size: 193 KBItem 8.01: Other Events,MSFT
MICROSOFT CORP,2021-05-20T17:15:35-04:00,, Filed: 2021-05-20 AccNo: 0001193125-21-167940 Size: 197 KBItem 5.02: Departure of Directors or Certain Officers; Election of Directors; Appointment of Certain Officers: Compensato,MSFT
MICROSOFT CORP,2021-04-27T16:04:57-04:00,, Filed: 2021-04-27 AccNo: 0001193125-21-134213 Size: 616 KBItem 2.02: Results of Operations and Financial ConditionItem 9.01: Financial Statements and Exhibits,MSFT
MICROSOFT CORP,2021-04-12T10:51:09-04:00,, Filed: 2021-04-12 AccNo: 0001193125-21-112687 Size: 6 MBItem 7.01: Regulation FD DisclosureItem 9.01: Financial Statements and Exhibits,MSFT
MICROSOFT CORP,2021-03-17T17:23:06-04:00,KBItem, Filed: 2021-03-17 AccNo: 0001193125-21-084239 Size: 383 KBItem 8.01: Other EventsItem 9.01: Financial Statements and Exhibits,MSFT
MICROSOFT CORP,2021-03-02T17:19:56-05:00,KBItem, Filed: 2021-03-02 AccNo: 0001193125-21-065751 Size: 332 KBItem 8.01: Other EventsItem 9.01: Financial Statements and Exhibits,MSFT
MICROSOFT CORP,2021-02-16T16:25:04-05:00,KBItem, Filed: 2021-02-16 AccNo: 0001193125-21-044940 Size: 300 KBItem 8.01: Other EventsItem 9.01: Financial Statements and Exhibits,MSFT
MICROSOFT CORP,2021-01-26T16:04:05-05:00,, Filed: 2021-01-26 AccNo: 0001193125-21-017683 Size: 565 KBItem 2.02: Results of Operations and Financial ConditionItem 9.01: Financial Statements and Exhibits,MSFT
MICROSOFT CORP,2020-12-04T15:27:34-05:00,, Filed: 2020-12-04 AccNo: 0001193125-20-310549 Size: 263 KBItem 5.07: Submission of Matters to a Vote of Security Holders,MSFT
MICROSOFT CORP,2020-10-27T16:12:57-04:00,, Filed: 2020-10-27 AccNo: 0001193125-20-278410 Size: 493 KBItem 2.02: Results of Operations and Financial ConditionItem 9.01: Financial Statements and Exhibits,MSFT
MICROSOFT CORP,2020-09-21T16:05:56-04:00,, Filed: 2020-09-21 AccNo: 0001193125-20-250163 Size: 218 KBItem 7.01: Regulation FD DisclosureItem 9.01: Financial Statements and Exhibits,MSFT
MICROSOFT CORP,2020-08-03T08:32:03-04:00,, Filed: 2020-08-03 AccNo: 0001193125-20-207517 Size: 206 KBItem 7.01: Regulation FD DisclosureItem 9.01: Financial Statements and Exhibits,MSFT
MICROSOFT CORP,2020-07-22T16:03:04-04:00,, Filed: 2020-07-22 AccNo: 0001193125-20-197109 Size: 713 KBItem 2.02: Results of Operations and Financial ConditionItem 9.01: Financial Statements and Exhibits,MSFT
MICROSOFT CORP,2020-07-07T09:32:33-04:00,, Filed: 2020-07-07 AccNo: 0001193125-20-188481 Size: 200 KBItem 5.02: Departure of Directors or Certain Officers; Election of Directors; Appointment of Certain Officers: Compensato,MSFT
MICROSOFT CORP,2020-07-01T09:01:57-04:00,, Filed: 2020-07-01 AccNo: 0001193125-20-184744 Size: 200 KBItem 5.02: Departure of Directors or Certain Officers; Election of Directors; Appointment of Certain Officers: Compensato,MSFT
MICROSOFT CORP,2020-06-26T09:10:16-04:00,, Filed: 2020-06-26 AccNo: 0001193125-20-180036 Size: 237 KBItem 7.01: Regulation FD DisclosureItem 9.01: Financial Statements and Exhibits,MSFT
MICROSOFT CORP,2020-06-01T16:06:26-04:00,KBItem, Filed: 2020-06-01 AccNo: 0001193125-20-157234 Size: 373 KBItem 8.01: Other EventsItem 9.01: Financial Statements and Exhibits,MSFT
MICROSOFT CORP,2020-05-14T16:55:20-04:00,, Filed: 2020-05-14 AccNo: 0001193125-20-142890 Size: 337 KBItem 8.01: Other EventsItem 9.01: Financial Statements and Exhibits,MSFT
MICROSOFT CORP,2020-04-30T16:07:50-04:00,, Filed: 2020-04-30 AccNo: 0001193125-20-128779 Size: 283 KBItem 8.01: Other EventsItem 9.01: Financial Statements and Exhibits,MSFT
MICROSOFT CORP,2020-04-29T16:03:54-04:00,, Filed: 2020-04-29 AccNo: 0001193125-20-126089 Size: 585 KBItem 2.02: Results of Operations and Financial ConditionItem 9.01: Financial Statements and Exhibits,MSFT
MICROSOFT CORP,2020-03-31T06:10:19-04:00,, Filed: 2020-03-31 AccNo: 0001193125-20-091746 Size: 226 KBItem 7.01: Regulation FD DisclosureItem 9.01: Financial Statements and Exhibits,MSFT
MICROSOFT CORP,2020-03-13T17:11:53-04:00,, Filed: 2020-03-13 AccNo: 0001193125-20-073072 Size: 210 KBItem 5.02: Departure of Directors or Certain Officers; Election of Directors; Appointment of Certain Officers: Compensato,MSFT
MICROSOFT CORP,2020-02-26T17:10:49-05:00,, Filed: 2020-02-26 AccNo: 0001193125-20-050232 Size: 228 KBItem 7.01: Regulation FD DisclosureItem 9.01: Financial Statements and Exhibits,MSFT
MICROSOFT CORP,2020-01-29T16:03:50-05:00,, Filed: 2020-01-29 AccNo: 0001193125-20-018383 Size: 620 KBItem 2.02: Results of Operations and Financial ConditionItem 9.01: Financial Statements and Exhibits,MSFT
MICROSOFT CORP,2019-12-05T14:02:50-05:00,, Filed: 2019-12-05 AccNo: 0001193125-19-307138 Size: 281 KBItem 5.07: Submission of Matters to a Vote of Security Holders,MSFT
MICROSOFT CORP,2019-10-23T16:06:06-04:00,, Filed: 2019-10-23 AccNo: 0001193125-19-272562 Size: 501 KBItem 2.02: Results of Operations and Financial ConditionItem 9.01: Financial Statements and Exhibits,MSFT
MICROSOFT CORP,2019-09-19T16:20:02-04:00,, Filed: 2019-09-19 AccNo: 0001193125-19-249565 Size: 27 KBItem 5.02: Departure of Directors or Certain Officers; Election of Directors; Appointment of Certain Officers: Compensator,MSFT
MICROSOFT CORP,2019-07-18T16:03:33-04:00,, Filed: 2019-07-18 AccNo: 0001193125-19-196501 Size: 523 KBItem 2.02: Results of Operations and Financial ConditionItem 9.01: Financial Statements and Exhibits,MSFT
MICROSOFT CORP,2019-04-24T16:04:03-04:00,, Filed: 2019-04-24 AccNo: 0001193125-19-117108 Size: 388 KBItem 2.02: Results of Operations and Financial ConditionItem 9.01: Financial Statements and Exhibits,MSFT
MICROSOFT CORP,2019-01-30T16:03:36-05:00,, Filed: 2019-01-30 AccNo: 0001193125-19-022553 Size: 476 KBItem 2.02: Results of Operations and Financial ConditionItem 9.01: Financial Statements and Exhibits,MSFT
MICROSOFT CORP,2018-11-29T15:29:57-05:00,, Filed: 2018-11-29 AccNo: 0001193125-18-337951 Size: 41 KBItem 5.07: Submission of Matters to a Vote of Security Holders,MSFT
MICROSOFT CORP,2018-10-24T16:03:06-04:00,, Filed: 2018-10-24 AccNo: 0001193125-18-306365 Size: 430 KBItem 2.02: Results of Operations and Financial ConditionItem 9.01: Financial Statements and Exhibits,MSFT
MICROSOFT CORP,2018-09-19T16:15:58-04:00,, Filed: 2018-09-19 AccNo: 0001193125-18-277602 Size: 38 KBItem 5.02: Departure of Directors or Certain Officers; Election of Directors; Appointment of Certain Officers: Compensator,MSFT
MICROSOFT CORP,2018-07-19T16:02:35-04:00,, Filed: 2018-07-19 AccNo: 0001193125-18-221458 Size: 592 KBItem 2.02: Results of Operations and Financial ConditionItem 9.01: Financial Statements and Exhibits,MSFT
MICROSOFT CORP,2018-06-04T13:43:01-04:00,, Filed: 2018-06-04 AccNo: 0001193125-18-182975 Size: 6 MBItem 7.01: Regulation FD DisclosureItem 8.01: Other EventsItem 9.01: Financial Statements and Exhibits,MSFT
MICROSOFT CORP,2018-04-26T16:04:03-04:00,, Filed: 2018-04-26 AccNo: 0001193125-18-134732 Size: 541 KBItem 2.02: Results of Operations and Financial ConditionItem 9.01: Financial Statements and Exhibits,MSFT
MICROSOFT CORP,2018-01-31T16:05:57-05:00,, Filed: 2018-01-31 AccNo: 0001193125-18-027377 Size: 567 KBItem 2.02: Results of Operations and Financial ConditionItem 9.01: Financial Statements and Exhibits,MSFT
MICROSOFT CORP,2017-11-30T17:00:55-05:00,, Filed: 2017-11-30 AccNo: 0001193125-17-357415 Size: 55 KBItem 5.02: Departure of Directors or Certain Officers; Election of Directors; Appointment of Certain Officers: Compensator,MSFT
MICROSOFT CORP,2017-10-26T16:04:05-04:00,, Filed: 2017-10-26 AccNo: 0001193125-17-321202 Size: 281 KBItem 2.02: Results of Operations and Financial ConditionItem 9.01: Financial Statements and Exhibits,MSFT
MICROSOFT CORP,2017-09-19T17:14:03-04:00,, Filed: 2017-09-19 AccNo: 0001193125-17-288464 Size: 23 KBItem 5.02: Departure of Directors or Certain Officers; Election of Directors; Appointment of Certain Officers: Compensator,MSFT
MICROSOFT CORP,2017-08-03T16:04:04-04:00,KBItem, Filed: 2017-08-03 AccNo: 0001193125-17-247395 Size: 275 KBItem 7.01: Regulation FD DisclosureItem 9.01: Financial Statements and Exhibits,MSFT
MICROSOFT CORP,2017-07-20T16:08:03-04:00,, Filed: 2017-07-20 AccNo: 0001193125-17-232047 Size: 460 KBItem 2.02: Results of Operations and Financial ConditionItem 9.01: Financial Statements and Exhibits,MSFT
MICROSOFT CORP,2017-06-14T17:00:33-04:00,, Filed: 2017-06-14 AccNo: 0001193125-17-203579 Size: 115 KBItem 5.03: Amendments to Articles of Incorporation or Bylaws; Change in Fiscal YearItem 9.01: Financial Statements and Ex,MSFT
MICROSOFT CORP,2017-04-27T16:08:56-04:00,, Filed: 2017-04-27 AccNo: 0001193125-17-142963 Size: 383 KBItem 2.02: Results of Operations and Financial ConditionItem 9.01: Financial Statements and Exhibits,MSFT
MICROSOFT CORP,2017-03-14T17:18:04-04:00,, Filed: 2017-03-14 AccNo: 0001193125-17-082168 Size: 21 KBItem 5.02: Departure of Directors or Certain Officers; Election of Directors; Appointment of Certain Officers: Compensator,MSFT
MICROSOFT CORP,2017-02-03T16:17:02-05:00,KBItem, Filed: 2017-02-03 AccNo: 0001193125-17-030734 Size: 457 KBItem 8.01: Other EventsItem 9.01: Financial Statements and Exhibits,MSFT
MICROSOFT CORP,2017-01-26T16:07:02-05:00,, Filed: 2017-01-26 AccNo: 0001193125-17-019726 Size: 436 KBItem 2.02: Results of Operations and Financial ConditionItem 9.01: Financial Statements and Exhibits,MSFT
MICROSOFT CORP,2016-12-08T17:05:03-05:00,, Filed: 2016-12-08 AccNo: 0001193125-16-788575 Size: 17 KBItem 2.01: Completion of Acquisition or Disposition of AssetsItem 9.01: Financial Statements and Exhibits,MSFT
MICROSOFT CORP,2016-12-01T16:31:02-05:00,, Filed: 2016-12-01 AccNo: 0001193125-16-782569 Size: 107 KBItem 5.07: Submission of Matters to a Vote of Security HoldersItem 9.01: Financial Statements and Exhibits,MSFT
MICROSOFT CORP,2016-10-20T16:06:32-04:00,, Filed: 2016-10-20 AccNo: 0001193125-16-742793 Size: 263 KBItem 2.02: Results of Operations and Financial ConditionItem 9.01: Financial Statements and Exhibits,MSFT
MICROSOFT CORP,2016-09-22T13:10:02-04:00,, Filed: 2016-09-22 AccNo: 0001193125-16-716834 Size: 114 KBItem 5.03: Amendments to Articles of Incorporation or Bylaws; Change in Fiscal YearItem 8.01: Other EventsItem 9.01: Fina,MSFT
MICROSOFT CORP,2016-08-05T16:53:56-04:00,, Filed: 2016-08-05 AccNo: 0001193125-16-673577 Size: 514 KBItem 8.01: Other EventsItem 9.01: Financial Statements and Exhibits,MSFT
MICROSOFT CORP,2016-07-19T16:06:56-04:00,, Filed: 2016-07-19 AccNo: 0001193125-16-651176 Size: 385 KBItem 2.02: Results of Operations and Financial ConditionItem 9.01: Financial Statements and Exhibits,MSFT
MICROSOFT CORP,2016-07-07T13:00:32-04:00,, Filed: 2016-07-07 AccNo: 0001193125-16-643151 Size: 11 KBItem 5.02: Departure of Directors or Certain Officers; Election of Directors; Appointment of Certain Officers: Compensator,MSFT
MICROSOFT CORP,2016-07-05T17:00:32-04:00,, Filed: 2016-07-05 AccNo: 0001193125-16-641678 Size: 104 KBItem 5.03: Amendments to Articles of Incorporation or Bylaws; Change in Fiscal YearItem 9.01: Financial Statements and Ex,MSFT
MICROSOFT CORP,2016-06-13T09:09:36-04:00,, Filed: 2016-06-13 AccNo: 0001193125-16-619689 Size: 2 MBItem 1.01: Entry into a Material Definitive AgreementItem 7.01: Regulation FD DisclosureItem 8.01: Other EventsItem 9.01: F,MSFT
MICROSOFT CORP,2016-05-25T12:59:01-04:00,, Filed: 2016-05-25 AccNo: 0001193125-16-601931 Size: 24 KBItem 7.01: Regulation FD DisclosureItem 9.01: Financial Statements and Exhibits,MSFT
MICROSOFT CORP,2016-04-21T16:07:06-04:00,, Filed: 2016-04-21 AccNo: 0001193125-16-550250 Size: 279 KBItem 2.02: Results of Operations and Financial ConditionItem 9.01: Financial Statements and Exhibits,MSFT
MICROSOFT CORP,2016-03-17T17:03:11-04:00,, Filed: 2016-03-17 AccNo: 0001193125-16-508738 Size: 67 KBItem 5.03: Amendments to Articles of Incorporation or Bylaws; Change in Fiscal YearItem 9.01: Financial Statements and Exh,MSFT
MICROSOFT CORP,2016-01-28T16:07:06-05:00,, Filed: 2016-01-28 AccNo: 0001193125-16-441813 Size: 317 KBItem 2.02: Results of Operations and Financial ConditionItem 9.01: Financial Statements and Exhibits,MSFT
MICROSOFT CORP,2015-12-04T16:48:01-05:00,, Filed: 2015-12-04 AccNo: 0001193125-15-395460 Size: 171 KBItem 7.01: Regulation FD DisclosureItem 9.01: Financial Statements and Exhibits,MSFT
MICROSOFT CORP,2015-12-03T16:30:03-05:00,, Filed: 2015-12-03 AccNo: 0001193125-15-394364 Size: 32 KBItem 5.07: Submission of Matters to a Vote of Security Holders,MSFT
MICROSOFT CORP,2015-11-03T06:12:07-05:00,KBItem, Filed: 2015-11-03 AccNo: 0001193125-15-363226 Size: 445 KBItem 8.01: Other EventsItem 9.01: Financial Statements and Exhibits,MSFT
MICROSOFT CORP,2015-10-26T21:24:17-04:00,, Filed: 2015-10-27 AccNo: 0001193125-15-353706 Size: 13 MBItem 8.01: Other EventsItem 9.01: Financial Statements and Exhibits,MSFT
MICROSOFT CORP,2015-10-22T16:06:59-04:00,, Filed: 2015-10-22 AccNo: 0001193125-15-350712 Size: 257 KBItem 2.02: Results of Operations and Financial ConditionItem 9.01: Financial Statements and Exhibits,MSFT
MICROSOFT CORP,2015-09-29T06:06:12-04:00,, Filed: 2015-09-29 AccNo: 0001193125-15-331408 Size: 4 MBItem 7.01: Regulation FD DisclosureItem 9.01: Financial Statements and Exhibits,MSFT
AMAZON COM INC,2025-02-06T16:09:12-05:00,, Filed: 2025-02-06 AccNo: 0001018724-25-000002 Size: 1 MBItem 2.02: Results of Operations and Financial ConditionItem 9.01: Financial Statements and Exhibits,AMZN
AMAZON COM INC,2024-10-31T16:13:57-04:00,, Filed: 2024-10-31 AccNo: 0001018724-24-000158 Size: 1 MBItem 2.02: Results of Operations and Financial ConditionItem 9.01: Financial Statements and Exhibits,AMZN
AMAZON COM INC,2024-08-01T16:06:02-04:00,, Filed: 2024-08-01 AccNo: 0001018724-24-000128 Size: 1 MBItem 2.02: Results of Operations and Financial ConditionItem 9.01: Financial Statements and Exhibits,AMZN
AMAZON COM INC,2024-05-24T16:03:37-04:00,, Filed: 2024-05-24 AccNo: 0001104659-24-065117 Size: 245 KBItem 5.07: Submission of Matters to a Vote of Security Holders,AMZN
AMAZON COM INC,2024-05-14T16:04:30-04:00,, Filed: 2024-05-14 AccNo: 0001104659-24-061143 Size: 200 KBItem 5.02: Departure of Directors or Certain Officers; Election of Directors; Appointment of Certain Officers: Compensato,AMZN
AMAZON COM INC,2024-05-03T16:41:53-04:00,, Filed: 2024-05-03 AccNo: 0001104659-24-057026 Size: 455 KBItem 5.03: Amendments to Articles of Incorporation or Bylaws; Change in Fiscal YearItem 9.01: Financial Statements and Ex,AMZN
AMAZON COM INC,2024-04-30T16:10:34-04:00,, Filed: 2024-04-30 AccNo: 0001018724-24-000081 Size: 1 MBItem 2.02: Results of Operations and Financial ConditionItem 9.01: Financial Statements and Exhibits,AMZN
AMAZON COM INC,2024-04-10T18:24:36-04:00,, Filed: 2024-04-11 AccNo: 0001104659-24-045915 Size: 452 KBItem 7.01: Regulation FD DisclosureItem 9.01: Financial Statements and Exhibits,AMZN
AMAZON COM INC,2024-02-01T16:06:02-05:00,, Filed: 2024-02-01 AccNo: 0001018724-24-000006 Size: 1 MBItem 2.02: Results of Operations and Financial ConditionItem 9.01: Financial Statements and Exhibits,AMZN
AMAZON COM INC,2023-11-01T17:28:24-04:00,, Filed: 2023-11-01 AccNo: 0001104659-23-113444 Size: 1 MBItem 1.01: Entry into a Material Definitive AgreementItem 1.02: Termination of a Material Definitive AgreementItem 2.03: Cr,AMZN
AMAZON COM INC,2023-10-26T16:14:51-04:00,, Filed: 2023-10-26 AccNo: 0001018724-23-000016 Size: 1 MBItem 2.02: Results of Operations and Financial ConditionItem 9.01: Financial Statements and Exhibits,AMZN
AMAZON COM INC,2023-09-13T16:22:21-04:00,, Filed: 2023-09-13 AccNo: 0001018724-23-000014 Size: 154 KBItem 5.02: Departure of Directors or Certain Officers; Election of Directors; Appointment of Certain Officers: Compensato,AMZN
AMAZON COM INC,2023-08-03T16:09:02-04:00,, Filed: 2023-08-03 AccNo: 0001018724-23-000010 Size: 1 MBItem 2.02: Results of Operations and Financial ConditionItem 9.01: Financial Statements and Exhibits,AMZN
AMAZON COM INC,2023-05-26T16:09:07-04:00,, Filed: 2023-05-26 AccNo: 0001104659-23-065457 Size: 271 KBItem 5.07: Submission of Matters to a Vote of Security Holders,AMZN
AMAZON COM INC,2023-04-27T16:10:37-04:00,, Filed: 2023-04-27 AccNo: 0001018724-23-000006 Size: 1 MBItem 2.02: Results of Operations and Financial ConditionItem 9.01: Financial Statements and Exhibits,AMZN
AMAZON COM INC,2023-04-12T18:03:57-04:00,, Filed: 2023-04-13 AccNo: 0001104659-23-044715 Size: 442 KBItem 7.01: Regulation FD DisclosureItem 9.01: Financial Statements and Exhibits,AMZN
AMAZON COM INC,2023-02-02T16:08:48-05:00,, Filed: 2023-02-02 AccNo: 0001018724-23-000002 Size: 1 MBItem 2.02: Results of Operations and Financial ConditionItem 9.01: Financial Statements and Exhibits,AMZN
AMAZON COM INC,2023-01-06T16:42:03-05:00,, Filed: 2023-01-06 AccNo: 0001193125-23-003621 Size: 347 KBItem 5.03: Amendments to Articles of Incorporation or Bylaws; Change in Fiscal YearItem 9.01: Financial Statements and Ex,AMZN
AMAZON COM INC,2023-01-03T17:06:08-05:00,, Filed: 2023-01-03 AccNo: 0001193125-23-000849 Size: 748 KBItem 1.01: Entry into a Material Definitive AgreementItem 2.03: Creation of a Direct Financial Obligation or an Obligatio,AMZN
AMAZON COM INC,2022-12-01T16:46:00-05:00,KBItem, Filed: 2022-12-01 AccNo: 0001193125-22-296602 Size: 645 KBItem 8.01: Other EventsItem 9.01: Financial Statements and Exhibits,AMZN
AMAZON COM INC,2022-11-18T16:36:06-05:00,, Filed: 2022-11-18 AccNo: 0001193125-22-289041 Size: 791 KBItem 1.01: Entry into a Material Definitive AgreementItem 2.03: Creation of a Direct Financial Obligation or an Obligatio,AMZN
AMAZON COM INC,2022-10-27T16:09:35-04:00,, Filed: 2022-10-27 AccNo: 0001018724-22-000021 Size: 1 MBItem 2.02: Results of Operations and Financial ConditionItem 9.01: Financial Statements and Exhibits,AMZN
AMAZON COM INC,2022-07-28T16:09:30-04:00,, Filed: 2022-07-28 AccNo: 0001018724-22-000017 Size: 1 MBItem 2.02: Results of Operations and Financial ConditionItem 9.01: Financial Statements and Exhibits,AMZN
AMAZON COM INC,2022-06-03T12:10:24-04:00,, Filed: 2022-06-03 AccNo: 0001018724-22-000015 Size: 171 KBItem 5.02: Departure of Directors or Certain Officers; Election of Directors; Appointment of Certain Officers: Compensato,AMZN
AMAZON COM INC,2022-05-27T16:04:55-04:00,, Filed: 2022-05-27 AccNo: 0001104659-22-065872 Size: 281 KBItem 5.03: Amendments to Articles of Incorporation or Bylaws; Change in Fiscal YearItem 5.07: Submission of Matters to a ,AMZN
AMAZON COM INC,2022-04-28T16:27:13-04:00,, Filed: 2022-04-28 AccNo: 0001018724-22-000011 Size: 1 MBItem 2.02: Results of Operations and Financial ConditionItem 9.01: Financial Statements and Exhibits,AMZN
AMAZON COM INC,2022-04-13T17:51:45-04:00,, Filed: 2022-04-14 AccNo: 0001104659-22-045579 Size: 381 KBItem 7.01: Regulation FD DisclosureItem 9.01: Financial Statements and Exhibits,AMZN
AMAZON COM INC,2022-04-13T16:28:56-04:00,KBItem, Filed: 2022-04-13 AccNo: 0001193125-22-104336 Size: 790 KBItem 8.01: Other EventsItem 9.01: Financial Statements and Exhibits,AMZN
AMAZON COM INC,2022-03-09T16:38:21-05:00,, Filed: 2022-03-09 AccNo: 0001018724-22-000009 Size: 174 KBItem 8.01: Other Events,AMZN
AMAZON COM INC,2022-02-03T16:11:33-05:00,, Filed: 2022-02-03 AccNo: 0001018724-22-000002 Size: 1 MBItem 2.02: Results of Operations and Financial ConditionItem 9.01: Financial Statements and Exhibits,AMZN
AMAZON COM INC,2021-11-12T09:00:15-05:00,, Filed: 2021-11-12 AccNo: 0001018724-21-000030 Size: 170 KBItem 5.02: Departure of Directors or Certain Officers; Election of Directors; Appointment of Certain Officers: Compensato,AMZN
AMAZON COM INC,2021-10-28T16:07:09-04:00,, Filed: 2021-10-28 AccNo: 0001018724-21-000026 Size: 1 MBItem 2.02: Results of Operations and Financial ConditionItem 9.01: Financial Statements and Exhibits,AMZN
AMAZON COM INC,2021-09-20T16:59:31-04:00,, Filed: 2021-09-20 AccNo: 0001018724-21-000022 Size: 172 KBItem 5.02: Departure of Directors or Certain Officers; Election of Directors; Appointment of Certain Officers: Compensato,AMZN
AMAZON COM INC,2021-07-29T16:34:52-04:00,, Filed: 2021-07-29 AccNo: 0001018724-21-000018 Size: 1 MBItem 2.02: Results of Operations and Financial ConditionItem 9.01: Financial Statements and Exhibits,AMZN
AMAZON COM INC,2021-07-02T16:07:53-04:00,, Filed: 2021-07-02 AccNo: 0001018724-21-000016 Size: 203 KBItem 5.02: Departure of Directors or Certain Officers; Election of Directors; Appointment of Certain Officers: Compensato,AMZN
AMAZON COM INC,2021-05-28T16:06:39-04:00,, Filed: 2021-05-28 AccNo: 0001018724-21-000012 Size: 269 KBItem 5.07: Submission of Matters to a Vote of Security Holders,AMZN
AMAZON COM INC,2021-05-12T16:19:08-04:00,, Filed: 2021-05-12 AccNo: 0001193125-21-159084 Size: 817 KBItem 8.01: Other EventsItem 9.01: Financial Statements and Exhibits,AMZN
AMAZON COM INC,2021-04-29T16:31:31-04:00,, Filed: 2021-04-29 AccNo: 0001018724-21-000008 Size: 1 MBItem 2.02: Results of Operations and Financial ConditionItem 9.01: Financial Statements and Exhibits,AMZN
AMAZON COM INC,2021-04-14T18:55:25-04:00,, Filed: 2021-04-15 AccNo: 0001104659-21-050346 Size: 846 KBItem 7.01: Regulation FD DisclosureItem 9.01: Financial Statements and Exhibits,AMZN
AMAZON COM INC,2021-02-02T16:30:08-05:00,, Filed: 2021-02-02 AccNo: 0001018724-21-000002 Size: 1 MBItem 2.02: Results of Operations and Financial ConditionItem 5.02: Departure of Directors or Certain Officers; Election of ,AMZN
AMAZON COM INC,2021-01-26T21:12:01-05:00,, Filed: 2021-01-27 AccNo: 0001193125-21-018066 Size: 141 KBItem 5.02: Departure of Directors or Certain Officers; Election of Directors; Appointment of Certain Officers: Compensato,AMZN
AMAZON COM INC,2020-10-29T16:42:03-04:00,, Filed: 2020-10-29 AccNo: 0001018724-20-000028 Size: 1 MBItem 2.02: Results of Operations and Financial ConditionItem 9.01: Financial Statements and Exhibits,AMZN
AMAZON COM INC,2020-09-09T16:07:28-04:00,, Filed: 2020-09-09 AccNo: 0001018724-20-000026 Size: 214 KBItem 5.02: Departure of Directors or Certain Officers; Election of Directors; Appointment of Certain Officers: Compensato,AMZN
AMAZON COM INC,2020-08-21T09:20:03-04:00,, Filed: 2020-08-21 AccNo: 0001193125-20-226520 Size: 146 KBItem 5.02: Departure of Directors or Certain Officers; Election of Directors; Appointment of Certain Officers: Compensato,AMZN
AMAZON COM INC,2020-07-30T19:05:15-04:00,, Filed: 2020-07-30 AccNo: 0001018724-20-000019 Size: 1 MBItem 2.02: Results of Operations and Financial ConditionItem 9.01: Financial Statements and Exhibits,AMZN
AMAZON COM INC,2020-06-23T16:14:04-04:00,, Filed: 2020-06-23 AccNo: 0001193125-20-176528 Size: 846 KBItem 1.01: Entry into a Material Definitive AgreementItem 2.03: Creation of a Direct Financial Obligation or an Obligatio,AMZN
AMAZON COM INC,2020-06-03T16:21:04-04:00,KBItem, Filed: 2020-06-03 AccNo: 0001193125-20-159531 Size: 690 KBItem 8.01: Other EventsItem 9.01: Financial Statements and Exhibits,AMZN
AMAZON COM INC,2020-05-29T17:28:25-04:00,, Filed: 2020-05-29 AccNo: 0001018724-20-000015 Size: 522 KBItem 5.03: Amendments to Articles of Incorporation or Bylaws; Change in Fiscal YearItem 5.07: Submission of Matters to a ,AMZN
AMAZON COM INC,2020-04-30T16:42:20-04:00,, Filed: 2020-04-30 AccNo: 0001018724-20-000008 Size: 1 MBItem 2.02: Results of Operations and Financial ConditionItem 9.01: Financial Statements and Exhibits,AMZN
AMAZON COM INC,2020-04-15T21:52:40-04:00,, Filed: 2020-04-16 AccNo: 0001193125-20-108427 Size: 282 KBItem 7.01: Regulation FD DisclosureItem 9.01: Financial Statements and Exhibits,AMZN
AMAZON COM INC,2020-01-30T16:46:49-05:00,, Filed: 2020-01-30 AccNo: 0001018724-20-000002 Size: 1 MBItem 2.02: Results of Operations and Financial ConditionItem 9.01: Financial Statements and Exhibits,AMZN
AMAZON COM INC,2019-11-19T16:45:54-05:00,, Filed: 2019-11-19 AccNo: 0001018724-19-000093 Size: 213 KBItem 5.04: Temporary Suspension of Trading Under Registrant's Employee Benefit Plans,AMZN
AMAZON COM INC,2019-10-24T19:53:55-04:00,, Filed: 2019-10-24 AccNo: 0001018724-19-000087 Size: 1 MBItem 2.02: Results of Operations and Financial ConditionItem 9.01: Financial Statements and Exhibits,AMZN
AMAZON COM INC,2019-08-01T16:58:50-04:00,, Filed: 2019-08-01 AccNo: 0001018724-19-000081 Size: 215 KBItem 5.02: Departure of Directors or Certain Officers; Election of Directors; Appointment of Certain Officers: Compensato,AMZN
AMAZON COM INC,2019-07-25T16:33:27-04:00,, Filed: 2019-07-25 AccNo: 0001018724-19-000069 Size: 1 MBItem 2.02: Results of Operations and Financial ConditionItem 9.01: Financial Statements and Exhibits,AMZN
AMAZON COM INC,2019-05-24T17:00:05-04:00,, Filed: 2019-05-24 AccNo: 0001018724-19-000061 Size: 118 KBItem 5.07: Submission of Matters to a Vote of Security Holders,AMZN
AMAZON COM INC,2019-04-25T16:10:54-04:00,, Filed: 2019-04-25 AccNo: 0001018724-19-000041 Size: 875 KBItem 2.02: Results of Operations and Financial ConditionItem 9.01: Financial Statements and Exhibits,AMZN
AMAZON COM INC,2019-04-10T18:27:03-04:00,, Filed: 2019-04-11 AccNo: 0001193125-19-103013 Size: 162 KBItem 7.01: Regulation FD DisclosureItem 9.01: Financial Statements and Exhibits,AMZN
AMAZON COM INC,2019-04-04T13:11:32-04:00,KBItem, Filed: 2019-04-04 AccNo: 0001193125-19-097640 Size: 17 KBItem 8.01: Other Events,AMZN
AMAZON COM INC,2019-02-25T16:20:32-05:00,, Filed: 2019-02-25 AccNo: 0001193125-19-049914 Size: 17 KBItem 5.02: Departure of Directors or Certain Officers; Election of Directors; Appointment of Certain Officers: Compensator,AMZN
AMAZON COM INC,2019-02-04T16:32:00-05:00,, Filed: 2019-02-04 AccNo: 0001018724-19-000008 Size: 28 KBItem 5.02: Departure of Directors or Certain Officers; Election of Directors; Appointment of Certain Officers: Compensator,AMZN
AMAZON COM INC,2019-01-31T16:30:02-05:00,, Filed: 2019-01-31 AccNo: 0001018724-19-000002 Size: 984 KBItem 2.02: Results of Operations and Financial ConditionItem 9.01: Financial Statements and Exhibits,AMZN
AMAZON COM INC,2018-10-25T16:18:13-04:00,, Filed: 2018-10-25 AccNo: 0001018724-18-000157 Size: 1 MBItem 2.02: Results of Operations and Financial ConditionItem 9.01: Financial Statements and Exhibits,AMZN
AMAZON COM INC,2018-07-26T16:14:07-04:00,, Filed: 2018-07-26 AccNo: 0001018724-18-000106 Size: 1 MBItem 2.02: Results of Operations and Financial ConditionItem 9.01: Financial Statements and Exhibits,AMZN
AMAZON COM INC,2018-06-01T16:31:47-04:00,, Filed: 2018-06-01 AccNo: 0001018724-18-000104 Size: 69 KBItem 5.07: Submission of Matters to a Vote of Security Holders,AMZN
AMAZON COM INC,2018-04-27T17:23:04-04:00,, Filed: 2018-04-27 AccNo: 0001193125-18-139368 Size: 675 KBItem 1.01: Entry into a Material Definitive AgreementItem 2.03: Creation of a Direct Financial Obligation or an Obligatio,AMZN
AMAZON COM INC,2018-04-26T16:16:09-04:00,, Filed: 2018-04-26 AccNo: 0001018724-18-000070 Size: 860 KBItem 2.02: Results of Operations and Financial ConditionItem 9.01: Financial Statements and Exhibits,AMZN
AMAZON COM INC,2018-04-18T17:04:02-04:00,, Filed: 2018-04-18 AccNo: 0001193125-18-121161 Size: 158 KBItem 7.01: Regulation FD DisclosureItem 9.01: Financial Statements and Exhibits,AMZN
AMAZON COM INC,2018-02-01T16:15:34-05:00,, Filed: 2018-02-01 AccNo: 0001018724-18-000002 Size: 989 KBItem 2.02: Results of Operations and Financial ConditionItem 9.01: Financial Statements and Exhibits,AMZN
AMAZON COM INC,2017-12-20T17:04:03-05:00,KBItem, Filed: 2017-12-20 AccNo: 0001193125-17-374998 Size: 119 KBItem 8.01: Other EventsItem 9.01: Financial Statements and Exhibits,AMZN
AMAZON COM INC,2017-11-13T16:58:27-05:00,KBItem, Filed: 2017-11-13 AccNo: 0001018724-17-000143 Size: 447 KBItem 9.01: Financial Statements and Exhibits,AMZN
AMAZON COM INC,2017-10-26T16:09:54-04:00,, Filed: 2017-10-26 AccNo: 0001018724-17-000131 Size: 896 KBItem 2.02: Results of Operations and Financial ConditionItem 9.01: Financial Statements and Exhibits,AMZN
AMAZON COM INC,2017-09-08T16:30:51-04:00,, Filed: 2017-09-08 AccNo: 0001018724-17-000127 Size: 30 KBItem 5.07: Submission of Matters to a Vote of Security Holders,AMZN
AMAZON COM INC,2017-08-28T06:02:19-04:00,, Filed: 2017-08-28 AccNo: 0001193125-17-269093 Size: 28 KBItem 2.01: Completion of Acquisition or Disposition of AssetsItem 9.01: Financial Statements and Exhibits,AMZN
AMAZON COM INC,2017-08-24T16:14:35-04:00,, Filed: 2017-08-24 AccNo: 0001193125-17-266837 Size: 33 KBItem 7.01: Regulation FD DisclosureItem 9.01: Financial Statements and Exhibits,AMZN
AMAZON COM INC,2017-08-22T16:56:59-04:00,, Filed: 2017-08-22 AccNo: 0001193125-17-264654 Size: 598 KBItem 1.02: Termination of a Material Definitive AgreementItem 2.03: Creation of a Direct Financial Obligation or an Oblig,AMZN
AMAZON COM INC,2017-08-15T18:43:05-04:00,KBItem, Filed: 2017-08-16 AccNo: 0001193125-17-258814 Size: 38 KBItem 8.01: Other EventsItem 9.01: Financial Statements and Exhibits,AMZN
AMAZON COM INC,2017-08-15T08:27:35-04:00,KBItem, Filed: 2017-08-15 AccNo: 0001193125-17-258008 Size: 38 KBItem 8.01: Other EventsItem 9.01: Financial Statements and Exhibits,AMZN
AMAZON COM INC,2017-07-27T16:07:05-04:00,, Filed: 2017-07-27 AccNo: 0001018724-17-000098 Size: 887 KBItem 2.02: Results of Operations and Financial ConditionItem 9.01: Financial Statements and Exhibits,AMZN
AMAZON COM INC,2017-06-16T09:07:05-04:00,, Filed: 2017-06-16 AccNo: 0001193125-17-205287 Size: 666 KBItem 1.01: Entry into a Material Definitive AgreementItem 7.01: Regulation FD DisclosureItem 9.01: Financial Statements a,AMZN
AMAZON COM INC,2017-05-25T16:37:13-04:00,, Filed: 2017-05-25 AccNo: 0001018724-17-000084 Size: 87 KBItem 5.07: Submission of Matters to a Vote of Security Holders,AMZN
AMAZON COM INC,2017-04-27T16:06:06-04:00,, Filed: 2017-04-27 AccNo: 0001018724-17-000049 Size: 741 KBItem 2.02: Results of Operations and Financial ConditionItem 9.01: Financial Statements and Exhibits,AMZN
AMAZON COM INC,2017-04-11T19:24:03-04:00,, Filed: 2017-04-12 AccNo: 0001193125-17-120198 Size: 129 KBItem 7.01: Regulation FD DisclosureItem 9.01: Financial Statements and Exhibits,AMZN
AMAZON COM INC,2017-03-17T17:15:35-04:00,, Filed: 2017-03-17 AccNo: 0001018724-17-000044 Size: 24 KBItem 5.02: Departure of Directors or Certain Officers; Election of Directors; Appointment of Certain Officers: Compensator,AMZN
AMAZON COM INC,2017-02-02T16:09:02-05:00,, Filed: 2017-02-02 AccNo: 0001018724-17-000003 Size: 1 MBItem 2.02: Results of Operations and Financial ConditionItem 9.01: Financial Statements and Exhibits,AMZN
AMAZON COM INC,2016-10-27T16:11:45-04:00,, Filed: 2016-10-27 AccNo: 0001018724-16-000322 Size: 1 MBItem 2.02: Results of Operations and Financial ConditionItem 9.01: Financial Statements and Exhibits,AMZN
AMAZON COM INC,2016-09-08T16:57:37-04:00,, Filed: 2016-09-08 AccNo: 0001018724-16-000312 Size: 25 KBItem 5.02: Departure of Directors or Certain Officers; Election of Directors; Appointment of Certain Officers: Compensator,AMZN
AMAZON COM INC,2016-07-28T16:09:16-04:00,, Filed: 2016-07-28 AccNo: 0001018724-16-000282 Size: 1 MBItem 2.02: Results of Operations and Financial ConditionItem 9.01: Financial Statements and Exhibits,AMZN
AMAZON COM INC,2016-05-20T16:46:15-04:00,, Filed: 2016-05-20 AccNo: 0001018724-16-000268 Size: 76 KBItem 1.01: Entry into a Material Definitive AgreementItem 2.03: Creation of a Direct Financial Obligation or an Obligation,AMZN
AMAZON COM INC,2016-04-28T16:08:22-04:00,, Filed: 2016-04-28 AccNo: 0001018724-16-000225 Size: 974 KBItem 2.02: Results of Operations and Financial ConditionItem 9.01: Financial Statements and Exhibits,AMZN
AMAZON COM INC,2016-04-05T17:08:37-04:00,, Filed: 2016-04-05 AccNo: 0001193125-16-530910 Size: 127 KBItem 7.01: Regulation FD DisclosureItem 9.01: Financial Statements and Exhibits,AMZN
AMAZON COM INC,2016-02-25T16:25:38-05:00,, Filed: 2016-02-25 AccNo: 0001018724-16-000206 Size: 267 KBItem 5.03: Amendments to Articles of Incorporation or Bylaws; Change in Fiscal YearItem 9.01: Financial Statements and Ex,AMZN
AMAZON COM INC,2016-02-10T16:01:15-05:00,, Filed: 2016-02-10 AccNo: 0001018724-16-000176 Size: 28 KBItem 5.02: Departure of Directors or Certain Officers; Election of Directors; Appointment of Certain Officers: Compensator,AMZN
AMAZON COM INC,2016-01-28T16:27:32-05:00,, Filed: 2016-01-28 AccNo: 0001018724-16-000170 Size: 945 KBItem 2.02: Results of Operations and Financial ConditionItem 9.01: Financial Statements and Exhibits,AMZN
AMAZON COM INC,2015-10-22T16:24:45-04:00,, Filed: 2015-10-22 AccNo: 0001018724-15-000124 Size: 989 KBItem 2.02: Results of Operations and Financial ConditionItem 9.01: Financial Statements and Exhibits,AMZN
AMAZON COM INC,2015-07-23T16:26:25-04:00,, Filed: 2015-07-23 AccNo: 0001018724-15-000085 Size: 978 KBItem 2.02: Results of Operations and Financial ConditionItem 9.01: Financial Statements and Exhibits,AMZN
AMAZON COM INC,2015-06-12T16:40:10-04:00,, Filed: 2015-06-12 AccNo: 0001018724-15-000079 Size: 81 KBItem 5.07: Submission of Matters to a Vote of Security Holders,AMZN
AMAZON COM INC,2015-06-12T16:20:45-04:00,, Filed: 2015-06-12 AccNo: 0001018724-15-000077 Size: 25 KBItem 5.02: Departure of Directors or Certain Officers; Election of Directors; Appointment of Certain Officers: Compensator,AMZN
AMAZON COM INC,2015-04-23T19:49:06-04:00,, Filed: 2015-04-24 AccNo: 0001193125-15-144741 Size: 118 KBItem 7.01: Regulation FD DisclosureItem 9.01: Financial Statements and Exhibits,AMZN
AMAZON COM INC,2015-04-23T16:09:53-04:00,, Filed: 2015-04-23 AccNo: 0001018724-15-000036 Size: 960 KBItem 2.02: Results of Operations and Financial ConditionItem 7.01: Regulation FD DisclosureItem 9.01: Financial Statement,AMZN
Alphabet Inc.,2025-03-18T08:43:32-04:00,, Filed: 2025-03-18 AccNo: 0001652044-25-000027 Size: 1 MBItem 7.01: Regulation FD DisclosureItem 8.01: Other Events,GOOGL
Alphabet Inc.,2025-02-04T16:01:27-05:00,, Filed: 2025-02-04 AccNo: 0001652044-25-000010 Size: 625 KBItem 2.02: Results of Operations and Financial ConditionItem 8.01: Other EventsItem 9.01: Financial Statements and Exhibi,GOOGL
Alphabet Inc.,2024-10-29T16:01:46-04:00,, Filed: 2024-10-29 AccNo: 0001652044-24-000115 Size: 557 KBItem 2.02: Results of Operations and Financial ConditionItem 8.01: Other EventsItem 9.01: Financial Statements and Exhibi,GOOGL
Alphabet Inc.,2024-10-17T14:20:32-04:00,, Filed: 2024-10-17 AccNo: 0001193125-24-238769 Size: 177 KBItem 5.02: Departure of Directors or Certain Officers; Election of Directors; Appointment of Certain Officers: Compensato,GOOGL
Alphabet Inc.,2024-09-24T08:31:01-04:00,, Filed: 2024-09-24 AccNo: 0001652044-24-000097 Size: 198 KBItem 8.01: Other EventsItem 9.01: Financial Statements and Exhibits,GOOGL
Alphabet Inc.,2024-08-05T20:08:50-04:00,KBItem, Filed: 2024-08-06 AccNo: 0001652044-24-000085 Size: 186 KBItem 8.01: Other Events,GOOGL
Alphabet Inc.,2024-07-23T16:01:54-04:00,, Filed: 2024-07-23 AccNo: 0001652044-24-000076 Size: 553 KBItem 2.02: Results of Operations and Financial ConditionItem 8.01: Other EventsItem 9.01: Financial Statements and Exhibi,GOOGL
Alphabet Inc.,2024-06-26T10:55:04-04:00,KBItem, Filed: 2024-06-26 AccNo: 0001193125-24-168745 Size: 188 KBItem 8.01: Other EventsItem 9.01: Financial Statements and Exhibits,GOOGL
Alphabet Inc.,2024-06-13T16:16:04-04:00,, Filed: 2024-06-13 AccNo: 0001193125-24-160721 Size: 224 KBItem 5.07: Submission of Matters to a Vote of Security Holders,GOOGL
Alphabet Inc.,2024-06-07T17:00:57-04:00,, Filed: 2024-06-07 AccNo: 0001193125-24-157498 Size: 203 KBItem 5.02: Departure of Directors or Certain Officers; Election of Directors; Appointment of Certain Officers: Compensato,GOOGL
Alphabet Inc.,2024-06-05T07:56:04-04:00,, Filed: 2024-06-05 AccNo: 0001193125-24-154725 Size: 189 KBItem 5.02: Departure of Directors or Certain Officers; Election of Directors; Appointment of Certain Officers: Compensato,GOOGL
Alphabet Inc.,2024-04-25T16:01:35-04:00,, Filed: 2024-04-25 AccNo: 0001652044-24-000047 Size: 552 KBItem 2.02: Results of Operations and Financial ConditionItem 8.01: Other EventsItem 9.01: Financial Statements and Exhibi,GOOGL
Alphabet Inc.,2024-02-08T17:24:23-05:00,KBItem, Filed: 2024-02-08 AccNo: 0001652044-24-000032 Size: 204 KBItem 8.01: Other EventsItem 9.01: Financial Statements and Exhibits,GOOGL
Alphabet Inc.,2024-01-30T16:01:26-05:00,, Filed: 2024-01-30 AccNo: 0001652044-24-000014 Size: 640 KBItem 2.02: Results of Operations and Financial ConditionItem 9.01: Financial Statements and Exhibits,GOOGL
Alphabet Inc.,2023-10-24T16:01:23-04:00,, Filed: 2023-10-24 AccNo: 0001652044-23-000088 Size: 565 KBItem 2.02: Results of Operations and Financial ConditionItem 5.02: Departure of Directors or Certain Officers; Election o,GOOGL
Alphabet Inc.,2023-07-25T16:01:21-04:00,, Filed: 2023-07-25 AccNo: 0001652044-23-000067 Size: 572 KBItem 2.02: Results of Operations and Financial ConditionItem 9.01: Financial Statements and Exhibits,GOOGL
Alphabet Inc.,2023-06-08T17:00:58-04:00,, Filed: 2023-06-08 AccNo: 0001193125-23-163590 Size: 354 KBItem 5.02: Departure of Directors or Certain Officers; Election of Directors; Appointment of Certain Officers: Compensato,GOOGL
Alphabet Inc.,2023-04-25T16:01:48-04:00,, Filed: 2023-04-25 AccNo: 0001652044-23-000041 Size: 610 KBItem 2.02: Results of Operations and Financial ConditionItem 9.01: Financial Statements and Exhibits,GOOGL
Alphabet Inc.,2023-04-21T17:01:56-04:00,, Filed: 2023-04-21 AccNo: 0001193125-23-110657 Size: 181 KBItem 5.02: Departure of Directors or Certain Officers; Election of Directors; Appointment of Certain Officers: Compensato,GOOGL
Alphabet Inc.,2023-04-20T16:24:04-04:00,, Filed: 2023-04-20 AccNo: 0001652044-23-000034 Size: 289 KBItem 2.02: Results of Operations and Financial ConditionItem 8.01: Other EventsItem 9.01: Financial Statements and Exhibi,GOOGL
Alphabet Inc.,2023-02-02T16:01:29-05:00,, Filed: 2023-02-02 AccNo: 0001652044-23-000013 Size: 648 KBItem 2.02: Results of Operations and Financial ConditionItem 9.01: Financial Statements and Exhibits,GOOGL
Alphabet Inc.,2023-01-24T19:50:47-05:00,KBItem, Filed: 2023-01-25 AccNo: 0001652044-23-000005 Size: 213 KBItem 8.01: Other Events,GOOGL
Alphabet Inc.,2023-01-20T06:51:39-05:00,, Filed: 2023-01-20 AccNo: 0001193125-23-011424 Size: 186 KBItem 7.01: Regulation FD Disclosure,GOOGL
Alphabet Inc.,2022-12-21T17:08:11-05:00,, Filed: 2022-12-21 AccNo: 0001193125-22-310153 Size: 182 KBItem 5.02: Departure of Directors or Certain Officers; Election of Directors; Appointment of Certain Officers: Compensato,GOOGL
Alphabet Inc.,2022-10-25T16:01:23-04:00,, Filed: 2022-10-25 AccNo: 0001652044-22-000085 Size: 883 KBItem 2.02: Results of Operations and Financial ConditionItem 5.03: Amendments to Articles of Incorporation or Bylaws; Cha,GOOGL
Alphabet Inc.,2022-07-26T16:02:00-04:00,, Filed: 2022-07-26 AccNo: 0001652044-22-000068 Size: 560 KBItem 2.02: Results of Operations and Financial ConditionItem 9.01: Financial Statements and Exhibits,GOOGL
Alphabet Inc.,2022-07-14T16:02:06-04:00,, Filed: 2022-07-14 AccNo: 0001193125-22-193655 Size: 219 KBItem 5.02: Departure of Directors or Certain Officers; Election of Directors; Appointment of Certain Officers: Compensato,GOOGL
Alphabet Inc.,2022-07-12T21:35:36-04:00,, Filed: 2022-07-13 AccNo: 0001193125-22-192153 Size: 183 KBItem 8.01: Other Events,GOOGL
Alphabet Inc.,2022-06-03T16:34:03-04:00,, Filed: 2022-06-03 AccNo: 0001193125-22-167375 Size: 470 KBItem 5.02: Departure of Directors or Certain Officers; Election of Directors; Appointment of Certain Officers: Compensato,GOOGL
Alphabet Inc.,2022-04-26T16:01:32-04:00,, Filed: 2022-04-26 AccNo: 0001652044-22-000025 Size: 521 KBItem 2.02: Results of Operations and Financial ConditionItem 9.01: Financial Statements and Exhibits,GOOGL
Alphabet Inc.,2022-02-01T16:01:29-05:00,, Filed: 2022-02-01 AccNo: 0001652044-22-000015 Size: 577 KBItem 2.02: Results of Operations and Financial ConditionItem 8.01: Other EventsItem 9.01: Financial Statements and Exhibi,GOOGL
Alphabet Inc.,2022-01-04T16:05:20-05:00,, Filed: 2022-01-04 AccNo: 0001652044-22-000009 Size: 218 KBItem 5.02: Departure of Directors or Certain Officers; Election of Directors; Appointment of Certain Officers: Compensato,GOOGL
Alphabet Inc.,2021-10-26T16:01:30-04:00,, Filed: 2021-10-26 AccNo: 0001652044-21-000054 Size: 538 KBItem 2.02: Results of Operations and Financial ConditionItem 9.01: Financial Statements and Exhibits,GOOGL
Alphabet Inc.,2021-07-27T16:36:42-04:00,, Filed: 2021-07-27 AccNo: 0001652044-21-000041 Size: 539 KBItem 2.02: Results of Operations and Financial ConditionItem 9.01: Financial Statements and Exhibits,GOOGL
Alphabet Inc.,2021-07-08T17:20:17-04:00,KBItem, Filed: 2021-07-08 AccNo: 0001193125-21-210942 Size: 179 KBItem 8.01: Other Events,GOOGL
Alphabet Inc.,2021-06-04T16:34:25-04:00,, Filed: 2021-06-04 AccNo: 0001193125-21-182989 Size: 327 KBItem 5.02: Departure of Directors or Certain Officers; Election of Directors; Appointment of Certain Officers: Compensato,GOOGL
Alphabet Inc.,2021-04-27T16:01:33-04:00,, Filed: 2021-04-27 AccNo: 0001652044-21-000018 Size: 502 KBItem 2.02: Results of Operations and Financial ConditionItem 9.01: Financial Statements and Exhibits,GOOGL
Alphabet Inc.,2021-04-09T16:31:58-04:00,, Filed: 2021-04-09 AccNo: 0001193125-21-111624 Size: 184 KBItem 5.02: Departure of Directors or Certain Officers; Election of Directors; Appointment of Certain Officers: Compensato,GOOGL
Alphabet Inc.,2021-03-04T17:27:17-05:00,, Filed: 2021-03-04 AccNo: 0001193125-21-069770 Size: 179 KBItem 7.01: Regulation FD Disclosure,GOOGL
Alphabet Inc.,2021-02-02T16:01:27-05:00,, Filed: 2021-02-02 AccNo: 0001652044-21-000006 Size: 620 KBItem 2.02: Results of Operations and Financial ConditionItem 9.01: Financial Statements and Exhibits,GOOGL
Alphabet Inc.,2020-12-21T17:13:55-05:00,KBItem, Filed: 2020-12-21 AccNo: 0001193125-20-323272 Size: 180 KBItem 8.01: Other Events,GOOGL
Alphabet Inc.,2020-10-29T16:01:25-04:00,, Filed: 2020-10-29 AccNo: 0001652044-20-000046 Size: 557 KBItem 2.02: Results of Operations and Financial ConditionItem 9.01: Financial Statements and Exhibits,GOOGL
Alphabet Inc.,2020-10-27T16:19:33-04:00,, Filed: 2020-10-27 AccNo: 0001193125-20-278427 Size: 443 KBItem 5.03: Amendments to Articles of Incorporation or Bylaws; Change in Fiscal YearItem 9.01: Financial Statements and Ex,GOOGL
Alphabet Inc.,2020-10-26T17:04:41-04:00,, Filed: 2020-10-26 AccNo: 0001652044-20-000038 Size: 9 MBItem 5.03: Amendments to Articles of Incorporation or Bylaws; Change in Fiscal Year,GOOGL
Alphabet Inc.,2020-10-23T16:47:03-04:00,, Filed: 2020-10-23 AccNo: 0001193125-20-275550 Size: 327 KBItem 8.01: Other EventsItem 9.01: Financial Statements and Exhibits,GOOGL
Alphabet Inc.,2020-10-20T17:06:56-04:00,KBItem, Filed: 2020-10-20 AccNo: 0001193125-20-272940 Size: 180 KBItem 8.01: Other Events,GOOGL
Alphabet Inc.,2020-09-25T16:12:03-04:00,KBItem, Filed: 2020-09-25 AccNo: 0001193125-20-254587 Size: 532 KBItem 8.01: Other EventsItem 9.01: Financial Statements and Exhibits,GOOGL
Alphabet Inc.,2020-08-05T17:07:35-04:00,, Filed: 2020-08-05 AccNo: 0001193125-20-210772 Size: 519 KBItem 8.01: Other EventsItem 9.01: Financial Statements and Exhibits,GOOGL
Alphabet Inc.,2020-07-30T18:40:20-04:00,, Filed: 2020-07-30 AccNo: 0001652044-20-000031 Size: 726 KBItem 2.02: Results of Operations and Financial ConditionItem 9.01: Financial Statements and Exhibits,GOOGL
Alphabet Inc.,2020-06-05T16:27:02-04:00,, Filed: 2020-06-05 AccNo: 0001652044-20-000027 Size: 412 KBItem 5.02: Departure of Directors or Certain Officers; Election of Directors; Appointment of Certain Officers: Compensato,GOOGL
Alphabet Inc.,2020-04-28T16:01:47-04:00,, Filed: 2020-04-28 AccNo: 0001652044-20-000018 Size: 684 KBItem 2.02: Results of Operations and Financial ConditionItem 9.01: Financial Statements and Exhibits,GOOGL
Alphabet Inc.,2020-02-03T16:02:04-05:00,757 KBItem 2.02: Results of Operations, Filed: 2020-02-03 AccNo: 0001652044-20-000004 Size: 757 KBItem 2.02: Results of Operations and Financial ConditionItem 9.01: Financial Statements and Exhibits,GOOGL
Alphabet Inc.,2020-01-10T13:14:50-05:00,, Filed: 2020-01-10 AccNo: 0001193125-20-005271 Size: 177 KBItem 5.02: Departure of Directors or Certain Officers; Election of Directors; Appointment of Certain Officers: Compensato,GOOGL
Alphabet Inc.,2019-12-20T11:01:22-05:00,, Filed: 2019-12-20 AccNo: 0001652044-19-000043 Size: 238 KBItem 5.02: Departure of Directors or Certain Officers; Election of Directors; Appointment of Certain Officers: Compensato,GOOGL
Alphabet Inc.,2019-12-09T16:46:33-05:00,, Filed: 2019-12-09 AccNo: 0001652044-19-000040 Size: 305 KBItem 5.02: Departure of Directors or Certain Officers; Election of Directors; Appointment of Certain Officers: Compensato,GOOGL
Alphabet Inc.,2019-12-03T19:22:52-05:00,, Filed: 2019-12-04 AccNo: 0001193125-19-305505 Size: 206 KBItem 5.02: Departure of Directors or Certain Officers; Election of Directors; Appointment of Certain Officers: Compensato,GOOGL
Alphabet Inc.,2019-10-28T16:03:38-04:00,, Filed: 2019-10-28 AccNo: 0001652044-19-000030 Size: 677 KBItem 2.02: Results of Operations and Financial ConditionItem 9.01: Financial Statements and Exhibits,GOOGL
Alphabet Inc.,2019-09-06T17:04:54-04:00,KBItem, Filed: 2019-09-06 AccNo: 0001652044-19-000025 Size: 230 KBItem 8.01: Other Events,GOOGL
Alphabet Inc.,2019-07-25T16:01:22-04:00,, Filed: 2019-07-25 AccNo: 0001652044-19-000021 Size: 486 KBItem 2.02: Results of Operations and Financial ConditionItem 9.01: Financial Statements and Exhibits,GOOGL
Alphabet Inc.,2019-06-21T17:18:55-04:00,, Filed: 2019-06-21 AccNo: 0001193125-19-178962 Size: 148 KBItem 5.02: Departure of Directors or Certain Officers; Election of Directors; Appointment of Certain Officers: Compensato,GOOGL
Alphabet Inc.,2019-04-30T16:23:02-04:00,, Filed: 2019-04-30 AccNo: 0001193125-19-129411 Size: 46 KBItem 5.02: Departure of Directors or Certain Officers; Election of Directors; Appointment of Certain Officers: Compensator,GOOGL
Alphabet Inc.,2019-04-29T16:01:22-04:00,, Filed: 2019-04-29 AccNo: 0001652044-19-000011 Size: 413 KBItem 2.02: Results of Operations and Financial ConditionItem 9.01: Financial Statements and Exhibits,GOOGL
Alphabet Inc.,2019-03-20T08:30:33-04:00,, Filed: 2019-03-20 AccNo: 0001193125-19-080167 Size: 14 KBItem 8.01: Other Events,GOOGL
Alphabet Inc.,2019-02-04T16:01:19-05:00,, Filed: 2019-02-04 AccNo: 0001652044-19-000002 Size: 503 KBItem 2.02: Results of Operations and Financial ConditionItem 9.01: Financial Statements and Exhibits,GOOGL
Alphabet Inc.,2018-10-25T16:01:30-04:00,, Filed: 2018-10-25 AccNo: 0001652044-18-000033 Size: 453 KBItem 2.02: Results of Operations and Financial ConditionItem 9.01: Financial Statements and Exhibits,GOOGL
Alphabet Inc.,2018-07-23T16:02:07-04:00,, Filed: 2018-07-23 AccNo: 0001652044-18-000025 Size: 504 KBItem 2.02: Results of Operations and Financial ConditionItem 9.01: Financial Statements and Exhibits,GOOGL
Alphabet Inc.,2018-07-18T09:27:05-04:00,KBItem, Filed: 2018-07-18 AccNo: 0001193125-18-220240 Size: 160 KBItem 8.01: Other EventsItem 9.01: Financial Statements and Exhibits,GOOGL
Alphabet Inc.,2018-06-08T16:06:09-04:00,, Filed: 2018-06-08 AccNo: 0001193125-18-188050 Size: 143 KBItem 5.02: Departure of Directors or Certain Officers; Election of Directors; Appointment of Certain Officers: Compensato,GOOGL
Alphabet Inc.,2018-04-23T16:01:28-04:00,, Filed: 2018-04-23 AccNo: 0001652044-18-000011 Size: 506 KBItem 2.02: Results of Operations and Financial ConditionItem 9.01: Financial Statements and Exhibits,GOOGL
Alphabet Inc.,2018-02-01T16:01:32-05:00,, Filed: 2018-02-01 AccNo: 0001652044-18-000004 Size: 472 KBItem 2.02: Results of Operations and Financial ConditionItem 5.02: Departure of Directors or Certain Officers; Election o,GOOGL
Alphabet Inc.,2017-12-21T17:13:48-05:00,, Filed: 2017-12-21 AccNo: 0001193125-17-376656 Size: 19 KBItem 5.02: Departure of Directors or Certain Officers; Election of Directors; Appointment of Certain Officers: Compensator,GOOGL
Alphabet Inc.,2017-10-26T16:02:01-04:00,, Filed: 2017-10-26 AccNo: 0001652044-17-000039 Size: 438 KBItem 2.02: Results of Operations and Financial ConditionItem 9.01: Financial Statements and Exhibits,GOOGL
Alphabet Inc.,2017-07-24T16:01:31-04:00,, Filed: 2017-07-24 AccNo: 0001652044-17-000024 Size: 472 KBItem 2.02: Results of Operations and Financial ConditionItem 5.02: Departure of Directors or Certain Officers; Election o,GOOGL
Alphabet Inc.,2017-06-27T09:25:02-04:00,KBItem, Filed: 2017-06-27 AccNo: 0001193125-17-214148 Size: 110 KBItem 8.01: Other EventsItem 9.01: Financial Statements and Exhibits,GOOGL
Alphabet Inc.,2017-06-09T17:12:05-04:00,, Filed: 2017-06-09 AccNo: 0001193125-17-200227 Size: 157 KBItem 5.02: Departure of Directors or Certain Officers; Election of Directors; Appointment of Certain Officers: Compensato,GOOGL
Alphabet Inc.,2017-04-27T16:02:04-04:00,, Filed: 2017-04-27 AccNo: 0001652044-17-000011 Size: 448 KBItem 2.02: Results of Operations and Financial ConditionItem 8.01: Other EventsItem 9.01: Financial Statements and Exhibi,GOOGL
Alphabet Inc.,2017-01-26T16:03:43-05:00,, Filed: 2017-01-26 AccNo: 0001652044-17-000005 Size: 619 KBItem 2.02: Results of Operations and Financial ConditionItem 9.01: Financial Statements and Exhibits,GOOGL
Alphabet Inc.,2016-10-27T16:01:30-04:00,, Filed: 2016-10-27 AccNo: 0001652044-16-000035 Size: 610 KBItem 2.02: Results of Operations and Financial ConditionItem 9.01: Financial Statements and Exhibits,GOOGL
Alphabet Inc.,2016-08-09T16:35:02-04:00,KBItem, Filed: 2016-08-09 AccNo: 0001193125-16-676835 Size: 123 KBItem 8.01: Other EventsItem 9.01: Financial Statements and Exhibits,GOOGL
Alphabet Inc.,2016-07-28T16:01:07-04:00,, Filed: 2016-07-28 AccNo: 0001652044-16-000029 Size: 879 KBItem 2.02: Results of Operations and Financial ConditionItem 8.01: Other EventsItem 9.01: Financial Statements and Exhibi,GOOGL
Alphabet Inc.,2016-06-29T09:16:02-04:00,, Filed: 2016-06-29 AccNo: 0001193125-16-635647 Size: 39 KBItem 5.02: Departure of Directors or Certain Officers; Election of Directors; Appointment of Certain Officers: Compensator,GOOGL
Alphabet Inc.,2016-06-10T16:06:53-04:00,, Filed: 2016-06-10 AccNo: 0001193125-16-619079 Size: 125 KBItem 5.02: Departure of Directors or Certain Officers; Election of Directors; Appointment of Certain Officers: Compensato,GOOGL
Alphabet Inc.,2016-05-02T20:59:48-04:00,, Filed: 2016-05-03 AccNo: 0001652044-16-000022 Size: 18 MBItem 8.01: Other EventsItem 9.01: Financial Statements and Exhibits,GOOGL
Alphabet Inc.,2016-04-27T16:43:19-04:00,KBItem, Filed: 2016-04-27 AccNo: 0001193125-16-559672 Size: 190 KBItem 8.01: Other EventsItem 9.01: Financial Statements and Exhibits,GOOGL
Alphabet Inc.,2016-04-21T16:01:58-04:00,, Filed: 2016-04-21 AccNo: 0001652044-16-000015 Size: 735 KBItem 2.02: Results of Operations and Financial ConditionItem 8.01: Other EventsItem 9.01: Financial Statements and Exhibi,GOOGL
Alphabet Inc.,2016-04-12T08:48:00-04:00,KBItem, Filed: 2016-04-12 AccNo: 0001193125-16-537992 Size: 35 KBItem 8.01: Other EventsItem 9.01: Financial Statements and Exhibits,GOOGL
Alphabet Inc.,2016-02-01T16:01:27-05:00,, Filed: 2016-02-01 AccNo: 0001652044-16-000010 Size: 853 KBItem 2.02: Results of Operations and Financial ConditionItem 9.01: Financial Statements and Exhibits,GOOGL
Alphabet Inc.,2015-11-19T16:16:03-05:00,KBItem, Filed: 2015-11-19 AccNo: 0001652044-15-000007 Size: 34 KBItem 8.01: Other EventsItem 9.01: Financial Statements and Exhibits,GOOGL
Alphabet Inc.,2015-10-22T16:29:57-04:00,, Filed: 2015-10-22 AccNo: 0001652044-15-000003 Size: 602 KBItem 2.02: Results of Operations and Financial ConditionItem 9.01: Financial Statements and Exhibits,GOOGL
Alphabet Inc.,2015-10-02T16:17:13-04:00,, Filed: 2015-10-02 AccNo: 0001193125-15-336577 Size: 2 MBItem 1.01: Entry into a Material Definitive AgreementItem 3.03: Material Modifications to Rights of Security HoldersItem 5.,GOOGL
